invoice_id,supplier_id,buyer_id,tier_level,invoice_amount,invoice_date,due_date,po_id,units_supplied,unit_price,financed_flag,lender_id
INV-00001,SUP-030,BUY-011,2,492856.47,2025-10-16,2025-11-21,PO-2188,3592,137.2095,1,LND-01
INV-00002,SUP-023,BUY-003,2,126198.16,2025-08-13,2025-11-04,PO-5002,5056,24.9601,1,LND-06
INV-00003,SUP-042,BUY-017,3,279391.11,2025-12-06,2026-01-11,PO-1128,168,1663.0423,1,LND-09
INV-00004,SUP-048,BUY-018,3,25714.04,2025-04-18,2025-07-02,PO-3546,1507,17.0631,1,LND-05
INV-00005,SUP-033,BUY-016,2,971040.27,2025-08-05,2025-10-27,PO-5114,129,7527.444,1,LND-01
INV-00006,SUP-041,BUY-009,3,146811.15,2025-08-07,2025-10-11,PO-3647,254,577.9967,1,LND-08
INV-00007,SUP-010,BUY-018,1,3155284.11,2025-03-17,2025-05-13,PO-1590,20302,155.4174,1,LND-06
INV-00008,SUP-003,BUY-012,1,2048117.33,2025-07-01,2025-09-18,PO-4441,26732,76.6167,1,LND-04
INV-00009,SUP-010,BUY-008,1,6218407.99,2025-01-13,2025-02-23,PO-3662,21870,284.3351,0,
INV-00010,SUP-043,BUY-008,3,315305.55,2025-02-25,2025-04-20,PO-5371,1063,296.6186,0,
INV-00011,SUP-041,BUY-01,3,5236644.35,2025-04-27,2025-06-10,PO-6728,895,5850.9993,0,
INV-00012,SUP-005,BUY-009,1,16278218.61,2025-10-02,2025-11-22,PO-6753,1044,15592.1634,1,LND-09
INV-00013,SUP-012,BUY-019,1,6672522.3,2025-08-11,2025-10-02,PO-5349,20657,323.0151,1,LND-01
INV-00014,SUP-008,BUY-013,1,4420285.61,2025-08-12,2025-09-11,PO-4114,70675,62.5438,1,LND-05
INV-00015,SUP-048,BUY-007,3,25327.2,2025-12-07,2026-03-05,PO-6967,742,34.1337,1,LND-07
INV-00016,SUP-047,BUY-010,3,385147.65,2025-06-17,2025-08-11,PO-9308,667,577.4328,1,LND-05
INV-00017,SUP-043,BUY-013,3,306472.19,2025-07-27,2025-09-30,PO-3851,722,424.4767,1,LND-10
INV-00018,SUP-038,BUY-020,3,130064.27,2025-12-12,2026-01-24,PO-6279,795,163.6029,1,LND-08
INV-00019,SUP-033,BUY-020,2,1013222.58,2025-05-01,2025-07-13,PO-6491,1731,585.3394,0,
INV-00020,SUP-016,BUY-016,2,307318.82,2025-11-19,2026-01-24,PO-2193,6391,48.0862,1,LND-08
INV-00021,SUP-042,BUY-02,3,9251461.94,2025-02-24,2025-05-14,PO-3417,860,10757.5139,0,
INV-00022,SUP-034,BUY-015,2,590472.78,2025-03-04,2025-05-02,PO-1822,7712,76.5655,1,LND-09
INV-00023,SUP-039,BUY-011,3,569987.6,2025-09-16,2025-11-12,PO-8251,2344,243.1688,0,
INV-00024,SUP-048,BUY-016,3,38616.62,2025-11-23,2026-01-09,PO-8373,1167,33.0905,0,
INV-00025,SUP-018,BUY-015,2,1290137.8,2025-06-21,2025-08-10,PO-2269,1420,908.5477,1,LND-05
INV-00026,SUP-025,BUY-005,2,298628.92,2025-06-19,2025-08-22,PO-4505,1120,266.633,1,LND-02
INV-00027,SUP-025,BUY-019,2,263333.07,2025-01-04,2025-04-04,PO-1320,12444,21.1614,1,LND-10
INV-00028,SUP-035,BUY-018,2,307050.3,2025-08-12,2025-10-12,PO-4613,2853,107.6237,1,LND-08
INV-00029,SUP-026,BUY-006,2,2775725.86,2025-10-01,2025-11-01,PO-8657,544,5102.4372,0,
INV-00030,SUP-009,BUY-015,1,3954393.62,2025-06-17,2025-07-30,PO-3977,22218,177.9815,1,LND-01
INV-00031,SUP-043,BUY-03,3,5193832.87,2025-02-11,2025-04-12,PO-5558,1604,3238.0504,1,LND-07
INV-00032,SUP-015,BUY-003,1,5999073.75,2025-04-13,2025-07-05,PO-1659,10086,594.7922,0,
INV-00033,SUP-043,BUY-004,3,254119.33,2025-07-08,2025-08-17,PO-4571,334,760.8363,1,LND-08
INV-00034,SUP-020,BUY-004,2,704351.08,2025-07-12,2025-09-05,PO-1420,506,1391.9982,1,LND-05
INV-00035,SUP-041,BUY-008,3,178895.87,2025-11-04,2026-01-24,PO-2669,1259,142.0936,0,
INV-00036,SUP-035,BUY-014,2,783304.65,2025-06-24,2025-07-24,PO-7071,4115,190.3535,1,LND-02
INV-00037,SUP-041,BUY-015,3,221823.43,2025-09-25,2025-12-05,PO-3506,1755,126.3951,1,LND-07
INV-00038,SUP-031,BUY-015,2,2084863.57,2025-05-06,2025-07-28,PO-8136,4669,446.5332,1,LND-10
INV-00039,SUP-049,BUY-015,3,357219.75,2025-06-16,2025-07-27,PO-7209,1553,230.0192,1,LND-06
INV-00040,SUP-018,BUY-020,2,686599.46,2025-04-08,2025-05-13,PO-5526,6758,101.598,1,LND-09
INV-00041,SUP-016,BUY-016,2,1817966.77,2025-02-17,2025-04-06,PO-1234,92628,19.6265,0,
INV-00042,SUP-034,BUY-012,2,718738.45,2025-12-26,2026-02-23,PO-7971,4218,170.3979,1,LND-09
INV-00043,SUP-013,BUY-011,1,1090760.76,2025-12-20,2026-01-30,PO-2958,31832,34.2662,0,
INV-00044,SUP-049,BUY-017,3,311400.68,2025-06-01,2025-07-15,PO-5636,1338,232.7359,0,
INV-00045,SUP-009,BUY-009,1,2594068.69,2025-12-24,2026-03-24,PO-1745,49434,52.4754,1,LND-01
INV-00046,SUP-037,BUY-010,3,71301.99,2025-04-05,2025-05-08,PO-8690,344,207.2732,1,LND-08
INV-00047,SUP-026,BUY-016,2,1280800.03,2025-01-28,2025-03-08,PO-2213,5078,252.2253,1,LND-10
INV-00048,SUP-008,BUY-018,1,5528794.29,2025-11-13,2025-12-27,PO-7818,49956,110.6733,1,LND-10
INV-00049,SUP-020,BUY-019,2,713458.33,2025-01-31,2025-04-10,PO-8025,303,2354.648,1,LND-05
INV-00050,SUP-041,BUY-007,3,165648.33,2025-03-30,2025-06-03,PO-5335,105,1577.6031,1,LND-02
INV-00051,SUP-039,BUY-016,3,515334.34,2025-12-28,2026-02-14,PO-5771,1959,263.0599,1,LND-01
INV-00052,SUP-017,BUY-019,2,3333536.9,2025-04-26,2025-07-06,PO-4241,69192,48.1781,1,LND-07
INV-00053,SUP-039,BUY-019,3,513940.45,2025-12-19,2026-02-06,PO-5728,1215,422.9963,1,LND-08
INV-00054,SUP-029,BUY-003,2,284122.73,2025-11-06,2025-12-22,PO-1653,1975,143.8596,0,
INV-00055,SUP-038,BUY-001,3,131066.25,2025-03-31,2025-05-30,PO-5415,1911,68.5852,1,LND-10
INV-00056,SUP-038,BUY-014,3,105610.25,2025-07-29,2025-09-18,PO-9056,528,200.0194,1,LND-02
INV-00057,SUP-027,BUY-016,2,528461.55,2025-10-09,2025-11-10,PO-5722,2676,197.4819,0,
INV-00058,SUP-050,BUY-013,3,152935.31,2025-10-05,2025-12-03,PO-9431,196,780.2822,1,LND-01
INV-00059,SUP-049,BUY-016,3,2762973.63,2025-10-09,2025-11-16,PO-8242,17332,159.4146,1,LND-01
INV-00060,SUP-039,BUY-008,3,254118.23,2025-10-10,2025-12-05,PO-3594,564,450.5642,1,LND-05
INV-00061,SUP-042,BUY-005,3,259157.85,2025-05-20,2025-07-15,PO-9165,601,431.2111,1,LND-05
INV-00062,SUP-036,BUY-005,3,228496.68,2025-09-18,2025-12-04,PO-7284,385,593.4979,0,
INV-00063,SUP-027,BUY-011,2,441971.73,2025-05-25,2025-08-09,PO-9318,4111,107.5095,0,
INV-00064,SUP-035,BUY-016,2,554489.77,2025-10-06,2025-11-29,PO-6654,2736,202.6644,1,LND-06
INV-00065,SUP-016,BUY-019,2,362079.82,2025-07-30,2025-08-31,PO-7274,7849,46.1307,0,
INV-00066,SUP-025,BUY-013,2,453034.43,2025-03-06,2025-05-07,PO-3492,5539,81.7899,0,
INV-00067,SUP-007,BUY-017,1,7532762.48,2025-07-29,2025-10-22,PO-8486,10216,737.3495,0,
INV-00068,SUP-017,BUY-011,2,920071.26,2025-12-12,2026-03-06,PO-7512,5288,173.9923,0,
INV-00069,SUP-032,BUY-018,2,766174.22,2025-11-20,2026-02-01,PO-1588,3827,200.2023,1,LND-10
INV-00070,SUP-007,BUY-004,1,30148975.59,2025-01-15,2025-02-16,PO-1234,208208,144.8022,1,LND-03
INV-00071,SUP-027,BUY-019,2,2719013.36,2025-11-09,2026-02-02,PO-1234,38322,70.9518,1,LND-03
INV-00072,SUP-041,BUY-009,3,226878.52,2025-08-27,2025-11-22,PO-8529,1219,186.1186,1,LND-05
INV-00073,SUP-023,BUY-019,2,97032.72,2025-08-22,2025-11-14,PO-5901,6402,15.1566,1,LND-07
INV-00074,SUP-016,BUY-013,2,230981.74,2025-12-25,2026-02-11,PO-6881,6584,35.0823,1,LND-10
INV-00075,SUP-044,BUY-002,3,248550.2,2025-04-28,2025-07-05,PO-9138,548,453.5588,0,
INV-00076,SUP-017,BUY-005,2,960974.64,2025-08-14,2025-09-15,PO-2591,2253,426.5311,1,LND-01
INV-00077,SUP-021,BUY-014,2,2238411.76,2025-10-04,2025-12-29,PO-3877,4448,503.2401,1,LND-04
INV-00078,SUP-011,BUY-009,1,3294356.36,2025-06-23,2025-09-12,PO-8894,63204,52.1226,0,
INV-00079,SUP-015,BUY-013,1,11949870.32,2025-01-08,2025-02-23,PO-6992,29904,399.6078,0,
INV-00080,SUP-044,BUY-009,3,100231.8,2025-04-30,2025-06-29,PO-7242,1249,80.2496,1,LND-06
INV-00081,SUP-015,BUY-003,1,6286897.32,2025-03-01,2025-04-08,PO-8606,2538,2477.1069,1,LND-05
INV-00082,SUP-008,BUY-004,1,5072830.83,2025-08-21,2025-10-13,PO-4846,70904,71.5451,1,LND-09
INV-00083,SUP-047,BUY-005,3,2475603.49,2025-11-12,2026-01-07,PO-1234,6450,383.8145,0,
INV-00084,SUP-024,BUY-004,2,2343676.77,2025-11-27,2026-01-18,PO-1234,39438,59.4269,0,
INV-00085,SUP-006,BUY-007,1,3585431.25,2025-05-05,2025-06-12,PO-1349,6824,525.4149,0,
INV-00086,SUP-036,BUY-007,3,232009.42,2025-03-17,2025-06-05,PO-4538,111,2090.175,1,LND-04
INV-00087,SUP-009,BUY-018,1,2132567.12,2025-01-14,2025-02-21,PO-5106,51872,41.1121,1,LND-03
INV-00088,SUP-021,BUY-001,2,933475.74,2025-08-04,2025-10-06,PO-3854,620,1505.606,1,LND-05
INV-00089,SUP-024,BUY-017,2,870868.37,2025-11-11,2025-12-13,PO-2786,5497,158.4261,1,LND-08
INV-00090,SUP-042,BUY-001,3,118045.44,2025-08-07,2025-10-19,PO-1996,464,254.4083,0,
INV-00091,SUP-006,BUY-011,1,3023750.34,2025-11-16,2026-01-25,PO-3430,23435,129.0271,1,LND-02
INV-00092,SUP-034,BUY-010,2,1120439.32,2025-02-20,2025-05-11,PO-8433,10826,103.4952,1,LND-09
INV-00093,SUP-036,BUY-007,3,219897.85,2025-07-31,2025-09-20,PO-8046,1733,126.8885,0,
INV-00094,SUP-021,BUY-014,2,2164627.25,2025-03-20,2025-06-01,PO-6120,649,3335.327,1,LND-05
INV-00095,SUP-006,BUY-014,1,3026815.96,2025-10-12,2025-11-14,PO-2582,18502,163.594,0,
INV-00096,SUP-008,BUY-014,1,4769124.27,2025-01-27,2025-03-16,PO-6793,46190,103.2501,0,
INV-00097,SUP-014,BUY-005,1,6810524.57,2025-06-29,2025-09-21,PO-8900,15158,449.3023,0,
INV-00098,SUP-015,BUY-014,1,6097907.37,2025-12-22,2026-02-07,PO-1430,18009,338.6033,0,
INV-00099,SUP-022,BUY-012,2,1049887.47,2025-10-17,2025-12-28,PO-1100,2424,433.1219,0,
INV-00100,SUP-006,BUY-017,1,2423907.25,2025-06-24,2025-08-03,PO-4524,23745,102.0807,1,LND-07
INV-00101,SUP-039,BUY-003,3,502903.28,2025-11-13,2025-12-16,PO-1861,1214,414.2531,1,LND-03
INV-00102,SUP-032,BUY-020,2,455722.71,2025-09-20,2025-10-27,PO-8242,1916,237.8511,1,LND-07
INV-00103,SUP-038,BUY-016,3,71359.93,2025-07-22,2025-09-28,PO-9633,937,76.1579,1,LND-05
INV-00104,SUP-050,BUY-005,3,208828.91,2025-01-04,2025-03-06,PO-5186,189,1104.9149,1,LND-05
INV-00105,SUP-046,BUY-008,3,481637.43,2025-07-01,2025-08-04,PO-9196,479,1005.5061,0,
INV-00106,SUP-030,BUY-003,2,980227.98,2025-07-27,2025-10-10,PO-6129,4843,202.401,1,LND-10
INV-00107,SUP-021,BUY-006,2,1423339.57,2025-02-24,2025-04-10,PO-8538,3380,421.1064,1,LND-06
INV-00108,SUP-020,BUY-011,2,553731.74,2025-02-09,2025-04-12,PO-4630,1186,466.8902,0,
INV-00109,SUP-023,BUY-012,2,81473.23,2025-05-12,2025-06-23,PO-3419,2604,31.2877,1,LND-04
INV-00110,SUP-005,BUY-006,1,13358986.11,2025-10-24,2025-12-21,PO-9095,4724,2827.8971,0,
INV-00111,SUP-021,BUY-011,2,1221240.52,2025-08-15,2025-10-24,PO-3473,2350,519.6768,1,LND-08
INV-00112,SUP-033,BUY-003,2,1664946.55,2025-01-30,2025-03-24,PO-6085,728,2287.0145,1,LND-08
INV-00113,SUP-040,BUY-020,3,219020.2,2025-10-11,2025-12-30,PO-9307,142,1542.3958,1,LND-07
INV-00114,SUP-037,BUY-007,3,90067.96,2025-03-19,2025-04-21,PO-6267,275,327.5199,1,LND-10
INV-00115,SUP-033,BUY-006,2,1278685.23,2025-08-13,2025-10-15,PO-1641,1400,913.3466,0,
INV-00116,SUP-025,BUY-014,2,258043.45,2025-11-20,2026-01-30,PO-6543,5501,46.9085,1,LND-10
INV-00117,SUP-025,BUY-010,2,334743.97,2025-06-20,2025-07-25,PO-5128,2417,138.4956,0,
INV-00118,SUP-042,BUY-013,3,205606.54,2025-02-13,2025-04-03,PO-3112,429,479.2693,0,
INV-00119,SUP-043,BUY-017,3,185866.59,2025-01-10,2025-03-04,PO-2531,538,345.4769,1,LND-07
INV-00120,SUP-032,BUY-007,2,694562.78,2025-06-01,2025-08-24,PO-4711,8417,82.519,1,LND-03
INV-00121,SUP-034,BUY-002,2,617424.3,2025-07-12,2025-08-20,PO-6517,11451,53.9188,1,LND-10
INV-00122,SUP-011,BUY-015,1,5947459.78,2025-05-02,2025-06-29,PO-1715,49408,120.3744,1,LND-07
INV-00123,SUP-015,BUY-018,1,82721768.67,2025-08-29,2025-11-24,PO-4918,210126,393.677,0,
INV-00124,SUP-019,BUY-013,2,883529.41,2025-03-24,2025-06-14,PO-9239,1233,716.5689,1,LND-09
INV-00125,SUP-042,BUY-016,3,197254.94,2025-12-31,2026-03-25,PO-7081,163,1210.153,0,
INV-00126,SUP-011,BUY-009,1,7745831.24,2025-08-12,2025-09-16,PO-8361,14651,528.6896,1,LND-09
INV-00127,SUP-002,BUY-014,1,5989193.28,2025-05-01,2025-06-24,PO-1872,49240,121.6327,1,LND-07
INV-00128,SUP-007,BUY-011,1,8682976.5,2025-08-30,2025-11-12,PO-3392,49831,174.2485,1,LND-03
INV-00129,SUP-040,BUY-001,3,254607.49,2025-03-18,2025-05-22,PO-2298,723,352.1542,1,LND-01
INV-00130,SUP-050,BUY-010,3,190732.44,2025-05-03,2025-06-28,PO-4893,418,456.2977,1,LND-05
INV-00131,SUP-032,BUY-020,2,657047.03,2025-10-22,2025-12-06,PO-9782,4872,134.8619,1,LND-01
INV-00132,SUP-023,BUY-008,2,178389.07,2025-02-13,2025-04-17,PO-7825,1208,147.6731,1,LND-03
INV-00133,SUP-033,BUY-017,2,1108818.6,2025-01-23,2025-04-03,PO-1333,3158,351.1142,0,
INV-00134,SUP-023,BUY-003,2,153813.62,2025-11-18,2025-12-24,PO-6649,12145,12.6648,0,
INV-00135,SUP-003,BUY-012,1,13325265.46,2025-03-31,2025-06-22,PO-9945,248465,53.6304,0,
INV-00136,SUP-005,BUY-015,1,6129124.34,2025-04-13,2025-07-08,PO-1605,2640,2321.638,1,LND-05
INV-00137,SUP-031,BUY-009,2,1679566.07,2025-01-25,2025-04-20,PO-1599,4576,367.038,1,LND-04
INV-00138,SUP-028,BUY-013,2,2406418.36,2025-04-06,2025-06-06,PO-8204,6118,393.3342,1,LND-07
INV-00139,SUP-018,BUY-003,2,735138.79,2025-04-03,2025-06-06,PO-7955,1780,412.9993,1,LND-02
INV-00140,SUP-019,BUY-010,2,1191901.56,2025-03-27,2025-06-09,PO-8305,3762,316.8266,0,
INV-00141,SUP-040,BUY-014,3,152618.75,2025-11-23,2026-01-17,PO-5498,920,165.8899,1,LND-01
INV-00142,SUP-002,BUY-005,1,4589150.52,2025-05-01,2025-07-19,PO-8179,47567,96.4776,1,LND-01
INV-00143,SUP-003,BUY-020,1,2440782.55,2025-07-10,2025-09-06,PO-3513,9123,267.5417,0,
INV-00144,SUP-021,BUY-009,2,1548181.53,2025-04-06,2025-06-06,PO-5089,7583,204.1648,1,LND-02
INV-00145,SUP-050,BUY-009,3,237208.02,2025-05-27,2025-08-09,PO-8311,351,675.8063,0,
INV-00146,SUP-005,BUY-015,1,16813620.64,2025-12-16,2026-03-10,PO-3828,5570,3018.6033,0,
INV-00147,SUP-036,BUY-018,3,236447.97,2025-12-31,2026-03-16,PO-5757,813,290.8339,0,
INV-00148,SUP-015,BUY-004,1,9924635.02,2025-09-10,2025-10-11,PO-4292,24276,408.825,1,LND-03
INV-00149,SUP-009,BUY-020,1,3772541.07,2025-09-03,2025-11-05,PO-2412,26932,140.0765,1,LND-02
INV-00150,SUP-009,BUY-011,1,2602581.05,2025-09-22,2025-11-13,PO-2215,51235,50.7969,1,LND-08
INV-00151,SUP-012,BUY-005,1,3389968.45,2025-01-29,2025-04-22,PO-8088,10128,334.7125,0,
INV-00152,SUP-021,BUY-008,2,1059205.87,2025-02-10,2025-03-28,PO-6669,4612,229.663,0,
INV-00153,SUP-020,BUY-020,2,704417.73,2025-03-28,2025-06-03,PO-9740,415,1697.3921,1,LND-02
INV-00154,SUP-047,BUY-020,3,175477.66,2025-01-15,2025-02-19,PO-6531,756,232.1133,1,LND-10
INV-00155,SUP-042,BUY-007,3,218856.79,2025-09-12,2025-12-07,PO-7825,248,882.4871,1,LND-10
INV-00156,SUP-031,BUY-008,2,956355.1,2025-12-19,2026-01-21,PO-7653,6909,138.4216,1,LND-05
INV-00157,SUP-022,BUY-020,2,1734329.75,2025-06-13,2025-08-28,PO-3353,5758,301.2035,0,
INV-00158,SUP-049,BUY-012,3,225180.64,2025-05-04,2025-07-02,PO-9437,1941,116.0127,1,LND-09
INV-00159,SUP-004,BUY-010,1,5796572.44,2025-03-23,2025-06-13,PO-7293,75818,76.4538,1,LND-10
INV-00160,SUP-049,BUY-006,3,189245.02,2025-06-07,2025-08-07,PO-9163,1710,110.6696,1,LND-09
INV-00161,SUP-014,BUY-019,1,8912964.76,2025-09-11,2025-11-18,PO-6781,61780,144.2694,1,LND-01
INV-00162,SUP-007,BUY-014,1,21044926.81,2025-07-26,2025-09-17,PO-3194,208208,101.0765,0,
INV-00163,SUP-025,BUY-017,2,343494.43,2025-11-16,2026-01-28,PO-8378,2208,155.5681,1,LND-09
INV-00164,SUP-024,BUY-011,2,709668.92,2025-09-18,2025-11-12,PO-6990,471,1506.7281,1,LND-03
INV-00165,SUP-022,BUY-016,2,965015.62,2025-09-21,2025-10-29,PO-9508,5318,181.4621,1,LND-08
INV-00166,SUP-048,BUY-010,3,36875.45,2025-09-30,2025-11-30,PO-6511,713,51.7187,0,
INV-00167,SUP-024,BUY-011,2,373716.0,2025-12-19,2026-02-27,PO-2795,3987,93.7336,1,LND-07
INV-00168,SUP-050,BUY-019,3,189070.12,2025-03-29,2025-05-31,PO-4728,417,453.4056,1,LND-01
INV-00169,SUP-010,BUY-008,1,2609620.72,2025-02-26,2025-04-09,PO-1517,20658,126.3249,0,
INV-00170,SUP-045,BUY-007,3,254458.41,2025-08-30,2025-11-23,PO-7723,355,716.7843,0,
INV-00171,SUP-014,BUY-018,1,6187660.4,2025-06-10,2025-07-21,PO-6325,69978,88.4229,1,LND-08
INV-00172,SUP-044,BUY-009,3,152440.48,2025-05-23,2025-07-27,PO-8932,709,215.0077,0,
INV-00173,SUP-014,BUY-016,1,4009682.2,2025-05-21,2025-07-08,PO-6194,71297,56.2391,1,LND-08
INV-00174,SUP-023,BUY-005,2,172262.56,2025-02-10,2025-04-03,PO-5758,10847,15.8811,1,LND-01
INV-00175,SUP-014,BUY-007,1,4108969.96,2025-12-23,2026-02-08,PO-9824,77017,53.3515,0,
INV-00176,SUP-043,BUY-017,3,279732.58,2025-07-31,2025-09-20,PO-4697,305,917.156,1,LND-04
INV-00177,SUP-001,BUY-018,1,10442101.61,2025-09-01,2025-10-31,PO-3587,6292,1659.5839,1,LND-07
INV-00178,SUP-019,BUY-002,2,1794934.13,2025-01-20,2025-04-18,PO-2465,3523,509.4902,1,LND-10
INV-00179,SUP-003,BUY-013,1,1038598.84,2025-05-29,2025-08-23,PO-9116,19655,52.8415,0,
INV-00180,SUP-022,BUY-010,2,1170435.86,2025-03-10,2025-06-02,PO-8444,4570,256.1129,1,LND-09
INV-00181,SUP-022,BUY-006,2,975675.91,2025-01-08,2025-03-26,PO-8518,4933,197.7855,0,
INV-00182,SUP-013,BUY-006,1,1844255.73,2025-02-14,2025-04-10,PO-7643,12209,151.0571,1,LND-07
INV-00183,SUP-021,BUY-008,2,1166742.29,2025-08-17,2025-11-03,PO-1111,2800,416.6937,1,LND-05
INV-00184,SUP-037,BUY-001,3,58580.64,2025-02-01,2025-04-14,PO-5285,257,227.9402,1,LND-06
INV-00185,SUP-033,BUY-010,2,1822057.17,2025-04-24,2025-06-07,PO-2923,4017,453.5865,1,LND-05
INV-00186,SUP-039,BUY-012,3,498673.36,2025-10-03,2025-12-23,PO-7813,994,501.6835,0,
INV-00187,SUP-049,BUY-020,3,209113.18,2025-12-27,2026-02-18,PO-2341,2410,86.769,1,LND-09
INV-00188,SUP-033,BUY-007,2,770450.77,2025-09-24,2025-11-21,PO-9792,1782,432.3517,1,LND-03
INV-00189,SUP-006,BUY-017,1,2665573.84,2025-09-20,2025-11-15,PO-8298,1991,1338.8116,1,LND-01
INV-00190,SUP-020,BUY-001,2,280001.53,2025-04-22,2025-06-28,PO-7487,967,289.5569,0,
INV-00191,SUP-035,BUY-002,2,3972812.51,2025-07-29,2025-09-08,PO-2130,50610,78.4986,1,LND-08
INV-00192,SUP-025,BUY-015,2,321314.12,2025-12-05,2026-02-28,PO-7184,10807,29.732,1,LND-07
INV-00193,SUP-012,BUY-018,1,2734483.98,2025-04-25,2025-07-17,PO-7439,1589,1720.8836,1,LND-09
INV-00194,SUP-044,BUY-018,3,183391.77,2025-04-28,2025-06-12,PO-7948,417,439.7884,1,LND-09
INV-00195,SUP-049,BUY-004,3,255406.12,2025-01-09,2025-02-23,PO-1527,513,497.8677,1,LND-07
INV-00196,SUP-039,BUY-002,3,307262.91,2025-04-30,2025-07-03,PO-5009,331,928.2867,1,LND-01
INV-00197,SUP-015,BUY-019,1,9460837.06,2025-12-11,2026-03-03,PO-6224,19876,475.993,1,LND-10
INV-00198,SUP-034,BUY-008,2,1017779.76,2025-10-13,2026-01-11,PO-7775,2969,342.8022,1,LND-05
INV-00199,SUP-036,BUY-016,3,213004.05,2025-12-10,2026-02-02,PO-1768,1405,151.6043,0,
INV-00200,SUP-010,BUY-010,1,6785535.75,2025-08-31,2025-10-15,PO-7167,19809,342.5481,0,
INV-00201,SUP-030,BUY-002,2,638666.86,2025-03-10,2025-05-03,PO-7761,3431,186.146,1,LND-07
INV-00202,SUP-029,BUY-012,2,415196.77,2025-04-08,2025-05-11,PO-2514,5618,73.9047,0,
INV-00203,SUP-005,BUY-007,1,16479345.56,2025-06-20,2025-08-08,PO-4555,225,73241.5358,1,LND-08
INV-00204,SUP-048,BUY-004,3,27353.87,2025-12-27,2026-02-08,PO-8846,590,46.3625,1,LND-04
INV-00205,SUP-019,BUY-013,2,1085499.17,2025-06-07,2025-07-23,PO-8639,4173,260.1244,1,LND-09
INV-00206,SUP-047,BUY-016,3,341819.26,2025-07-31,2025-09-01,PO-6246,326,1048.5253,1,LND-04
INV-00207,SUP-017,BUY-018,2,783182.87,2025-06-18,2025-08-01,PO-7841,4126,189.8165,1,LND-05
INV-00208,SUP-044,BUY-011,3,189113.36,2025-11-25,2026-02-10,PO-5216,444,425.931,0,
INV-00209,SUP-011,BUY-005,1,7803793.94,2025-10-05,2025-12-15,PO-9954,34437,226.6107,1,LND-08
INV-00210,SUP-043,BUY-002,3,767450.44,2025-11-19,2026-01-02,PO-1234,6090,126.0181,1,LND-07
INV-00211,SUP-041,BUY-020,3,262512.47,2025-09-30,2025-12-04,PO-8916,134,1959.0483,1,LND-08
INV-00212,SUP-035,BUY-010,2,758110.34,2025-12-12,2026-02-07,PO-1280,1568,483.4887,0,
INV-00213,SUP-034,BUY-005,2,796609.92,2025-05-10,2025-07-31,PO-4948,6602,120.6619,1,LND-04
INV-00214,SUP-030,BUY-019,2,1282455.78,2025-02-11,2025-04-23,PO-4984,619,2071.8187,1,LND-04
INV-00215,SUP-025,BUY-018,2,180145.51,2025-12-26,2026-02-04,PO-8798,7209,24.989,1,LND-01
INV-00216,SUP-037,BUY-004,3,101084.41,2025-12-21,2026-03-17,PO-9653,238,424.7244,1,LND-01
INV-00217,SUP-044,BUY-009,3,257808.45,2025-04-02,2025-06-30,PO-9897,132,1953.0943,1,LND-10
INV-00218,SUP-010,BUY-013,1,6711661.13,2025-05-04,2025-07-09,PO-2260,25603,262.1435,1,LND-05
INV-00219,SUP-022,BUY-013,2,696618.25,2025-06-27,2025-07-30,PO-3292,3903,178.4828,1,LND-02
INV-00220,SUP-039,BUY-020,3,639392.12,2025-05-20,2025-08-08,PO-7499,2109,303.1731,1,LND-06
INV-00221,SUP-025,BUY-014,2,345835.65,2025-02-13,2025-05-03,PO-4043,4137,83.5958,1,LND-10
INV-00222,SUP-018,BUY-005,2,561751.04,2025-06-12,2025-08-04,PO-7225,185,3036.4921,0,
INV-00223,SUP-024,BUY-009,2,750051.0,2025-08-09,2025-10-06,PO-2674,4297,174.5522,1,LND-03
INV-00224,SUP-006,BUY-012,1,2466211.11,2025-06-16,2025-09-09,PO-2524,9663,255.2221,1,LND-10
INV-00225,SUP-006,BUY-018,1,1865185.18,2025-12-17,2026-02-09,PO-4977,8911,209.3127,1,LND-10
INV-00226,SUP-010,BUY-003,1,6450245.47,2025-06-03,2025-08-02,PO-3739,23766,271.4064,1,LND-07
INV-00227,SUP-047,BUY-016,3,466093.4,2025-06-05,2025-07-05,PO-4203,440,1059.3032,1,LND-08
INV-00228,SUP-022,BUY-015,2,741419.53,2025-11-30,2026-02-06,PO-6484,5353,138.5054,0,
INV-00229,SUP-013,BUY-016,1,1947755.16,2025-06-13,2025-07-31,PO-6147,32278,60.3431,0,
INV-00230,SUP-016,BUY-011,2,271672.97,2025-07-21,2025-09-12,PO-7161,9338,29.0933,0,
INV-00231,SUP-012,BUY-018,1,7048040.69,2025-04-18,2025-06-15,PO-1440,4632,1521.5977,0,
INV-00232,SUP-027,BUY-016,2,672589.31,2025-12-04,2026-01-12,PO-3280,3188,210.9753,1,LND-05
INV-00233,SUP-031,BUY-019,2,1516676.9,2025-12-21,2026-02-15,PO-7566,13055,116.1759,1,LND-09
INV-00234,SUP-035,BUY-020,2,496254.06,2025-12-03,2026-02-13,PO-2392,462,1074.143,0,
INV-00235,SUP-044,BUY-013,3,137836.32,2025-02-20,2025-04-07,PO-6432,1162,118.6199,1,LND-07
INV-00236,SUP-037,BUY-008,3,112801.32,2025-12-14,2026-02-19,PO-8303,177,637.2956,1,LND-06
INV-00237,SUP-031,BUY-004,2,1934736.89,2025-02-13,2025-03-22,PO-5840,12062,160.3993,0,
INV-00238,SUP-022,BUY-015,2,1093456.68,2025-09-01,2025-10-07,PO-4389,7512,145.5613,1,LND-09
INV-00239,SUP-003,BUY-004,1,1283796.86,2025-12-13,2026-03-04,PO-1370,16085,79.8133,1,LND-06
INV-00240,SUP-011,BUY-011,1,3665375.64,2025-07-27,2025-10-05,PO-7985,42074,87.1174,1,LND-08
INV-00241,SUP-002,BUY-020,1,26143128.91,2025-07-19,2025-08-18,PO-1234,382410,68.3641,1,LND-08
INV-00242,SUP-007,BUY-018,1,4972912.98,2025-08-23,2025-09-29,PO-4063,32178,154.5439,1,LND-06
INV-00243,SUP-021,BUY-020,2,1296028.94,2025-02-28,2025-04-21,PO-7367,3850,336.6309,1,LND-10
INV-00244,SUP-046,BUY-010,3,331239.81,2025-05-03,2025-06-21,PO-2388,291,1138.2811,1,LND-03
INV-00245,SUP-025,BUY-014,2,1909862.53,2025-04-06,2025-06-06,PO-3258,115470,16.5399,1,LND-10
INV-00246,SUP-032,BUY-010,2,298510.8,2025-08-19,2025-10-27,PO-3298,5982,49.9015,1,LND-03
INV-00247,SUP-009,BUY-007,1,4907049.61,2025-09-11,2025-11-06,PO-7290,27338,179.4956,1,LND-09
INV-00248,SUP-032,BUY-006,2,287232.66,2025-04-23,2025-06-10,PO-2354,3783,75.9272,1,LND-10
INV-00249,SUP-050,BUY-015,3,128593.1,2025-10-21,2025-11-27,PO-9115,378,340.1934,1,LND-09
INV-00250,SUP-035,BUY-002,2,717377.88,2025-08-06,2025-09-11,PO-8231,2127,337.2722,1,LND-09
INV-00251,SUP-029,BUY-009,2,708808.41,2025-03-02,2025-05-20,PO-6711,1819,389.6693,1,LND-02
INV-00252,SUP-045,BUY-012,3,133410.41,2025-04-16,2025-07-07,PO-8015,343,388.9516,1,LND-03
INV-00253,SUP-018,BUY-020,2,4118235.23,2025-12-27,2026-02-13,PO-9827,58980,69.8243,1,LND-03
INV-00254,SUP-009,BUY-014,1,5658339.88,2025-03-06,2025-05-19,PO-1971,16462,343.7213,0,
INV-00255,SUP-016,BUY-013,2,404585.71,2025-05-18,2025-07-27,PO-9019,7505,53.9088,1,LND-03
INV-00256,SUP-050,BUY-003,3,230649.9,2025-12-22,2026-03-21,PO-7600,332,694.7286,0,
INV-00257,SUP-038,BUY-001,3,173660.1,2025-12-24,2026-02-14,PO-2526,2289,75.8672,1,LND-08
INV-00258,SUP-014,BUY-016,1,6950235.25,2025-06-22,2025-08-26,PO-5399,74305,93.5366,0,
INV-00259,SUP-022,BUY-002,2,727564.59,2025-08-24,2025-09-24,PO-1752,2688,270.6714,1,LND-02
INV-00260,SUP-028,BUY-007,2,2330756.75,2025-05-21,2025-06-25,PO-3161,4202,554.678,1,LND-05
INV-00261,SUP-042,BUY-006,3,142545.69,2025-12-25,2026-03-13,PO-1848,435,327.6912,1,LND-07
INV-00262,SUP-001,BUY-007,1,10709330.85,2025-04-26,2025-06-28,PO-8812,176,60848.4707,1,LND-02
INV-00263,SUP-008,BUY-014,1,5334069.15,2025-07-16,2025-08-20,PO-3165,13525,394.3859,1,LND-08
INV-00264,SUP-020,BUY-005,2,277745.06,2025-12-13,2026-01-21,PO-7270,1253,221.6641,1,LND-03
INV-00265,SUP-011,BUY-015,1,4882388.15,2025-03-19,2025-06-15,PO-6753,45094,108.2713,1,LND-04
INV-00266,SUP-006,BUY-004,1,4076508.88,2025-07-16,2025-09-06,PO-3293,10405,391.7837,1,LND-02
INV-00267,SUP-018,BUY-003,2,1184504.89,2025-11-08,2025-12-26,PO-5065,539,2197.5972,1,LND-09
INV-00268,SUP-020,BUY-007,2,3044602.61,2025-07-20,2025-09-06,PO-9482,17710,171.9143,1,LND-10
INV-00269,SUP-016,BUY-016,2,634576.03,2025-01-07,2025-03-01,PO-2163,2262,280.5376,0,
INV-00270,SUP-027,BUY-012,2,601816.3,2025-02-07,2025-03-10,PO-9951,212,2838.7561,0,
INV-00271,SUP-004,BUY-013,1,6413026.53,2025-09-14,2025-12-02,PO-9300,52827,121.3968,1,LND-05
INV-00272,SUP-035,BUY-020,2,4413785.69,2025-02-10,2025-04-13,PO-1234,50610,87.2117,1,LND-05
INV-00273,SUP-042,BUY-003,3,144552.57,2025-05-03,2025-06-05,PO-6081,573,252.2732,0,
INV-00274,SUP-040,BUY-020,3,119442.72,2025-12-03,2026-02-18,PO-1901,112,1066.4529,1,LND-05
INV-00275,SUP-001,BUY-006,1,7912944.82,2025-05-13,2025-06-22,PO-9133,6242,1267.6938,1,LND-06
INV-00276,SUP-047,BUY-004,3,181400.3,2025-05-20,2025-07-22,PO-1480,829,218.8182,0,
INV-00277,SUP-005,BUY-016,1,12066813.13,2025-09-13,2025-12-06,PO-8457,3112,3877.5106,1,LND-09
INV-00278,SUP-007,BUY-019,1,8862874.17,2025-01-02,2025-02-03,PO-2889,905,9793.2311,0,
INV-00279,SUP-024,BUY-013,2,924708.52,2025-01-19,2025-03-25,PO-3458,5949,155.4393,0,
INV-00280,SUP-015,BUY-011,1,15286432.04,2025-06-13,2025-07-30,PO-5067,24532,623.1221,0,
INV-00281,SUP-004,BUY-006,1,9646463.53,2025-07-25,2025-08-28,PO-4656,37102,259.9985,0,
INV-00282,SUP-021,BUY-003,2,1953976.5,2025-05-30,2025-08-04,PO-8483,6158,317.307,1,LND-01
INV-00283,SUP-024,BUY-019,2,919640.5,2025-10-07,2025-12-24,PO-9083,1333,689.9029,0,
INV-00284,SUP-002,BUY-008,1,2042161.32,2025-12-22,2026-03-18,PO-9872,44011,46.4012,1,LND-06
INV-00285,SUP-025,BUY-010,2,306699.52,2025-05-02,2025-06-27,PO-2703,1081,283.7183,1,LND-04
INV-00286,SUP-046,BUY-009,3,644734.6,2025-09-24,2025-11-19,PO-2524,290,2223.2228,0,
INV-00287,SUP-006,BUY-019,1,3041945.46,2025-07-21,2025-08-24,PO-2565,2140,1421.4698,1,LND-09
INV-00288,SUP-016,BUY-010,2,589425.57,2025-07-21,2025-10-03,PO-5276,5445,108.2508,0,
INV-00289,SUP-015,BUY-003,1,7555740.23,2025-10-27,2025-12-02,PO-4321,10872,694.9724,0,
INV-00290,SUP-027,BUY-004,2,447369.04,2025-04-17,2025-06-14,PO-9780,2270,197.0789,0,
INV-00291,SUP-011,BUY-010,1,3166062.9,2025-06-17,2025-07-26,PO-1660,16367,193.4419,0,
INV-00292,SUP-033,BUY-002,2,1815475.97,2025-03-31,2025-05-01,PO-5896,3804,477.2545,0,
INV-00293,SUP-016,BUY-004,2,226563.96,2025-03-13,2025-04-19,PO-8570,3741,60.5624,0,
INV-00294,SUP-024,BUY-003,2,995230.35,2025-02-03,2025-03-17,PO-5240,3732,266.6748,1,LND-02
INV-00295,SUP-022,BUY-004,2,1540458.54,2025-10-21,2025-12-17,PO-1699,6571,234.4329,1,LND-08
INV-00296,SUP-044,BUY-014,3,148881.06,2025-04-06,2025-05-23,PO-3831,404,368.5175,1,LND-06
INV-00297,SUP-040,BUY-008,3,99171.57,2025-10-09,2025-12-08,PO-5835,386,256.9212,1,LND-08
INV-00298,SUP-013,BUY-017,1,1913837.59,2025-07-15,2025-10-03,PO-5082,31536,60.6874,0,
INV-00299,SUP-023,BUY-019,2,99059.68,2025-04-03,2025-05-04,PO-9231,3688,26.86,1,LND-06
INV-00300,SUP-050,BUY-009,3,246837.31,2025-10-27,2025-12-10,PO-1959,151,1634.6842,1,LND-08
INV-00301,SUP-018,BUY-018,2,1329201.64,2025-07-18,2025-09-08,PO-1916,2946,451.1886,1,LND-04
INV-00302,SUP-021,BUY-012,2,1617188.1,2025-10-16,2025-11-24,PO-1462,1642,984.8892,0,
INV-00303,SUP-032,BUY-018,2,395035.28,2025-02-16,2025-03-21,PO-6063,3684,107.23,1,LND-03
INV-00304,SUP-001,BUY-011,1,11820591.94,2025-04-01,2025-06-28,PO-4300,7212,1639.0172,1,LND-03
INV-00305,SUP-010,BUY-019,1,4393093.94,2025-07-06,2025-08-09,PO-3320,26025,168.8028,0,
INV-00306,SUP-020,BUY-011,2,556683.73,2025-08-12,2025-10-31,PO-3235,1097,507.4601,0,
INV-00307,SUP-046,BUY-018,3,433183.32,2025-03-31,2025-05-24,PO-6846,452,958.3702,1,LND-04
INV-00308,SUP-047,BUY-001,3,2446626.17,2025-11-05,2025-12-25,PO-1234,8600,284.4914,1,LND-10
INV-00309,SUP-022,BUY-003,2,1614626.61,2025-03-27,2025-06-05,PO-4899,1553,1039.6823,0,
INV-00310,SUP-041,BUY-011,3,163554.17,2025-05-08,2025-07-21,PO-8317,625,261.6867,1,LND-01
INV-00311,SUP-001,BUY-002,1,8295488.93,2025-03-27,2025-06-21,PO-7323,7323,1132.7993,0,
INV-00312,SUP-025,BUY-004,2,204869.47,2025-12-18,2026-01-31,PO-8855,1307,156.7479,1,LND-10
INV-00313,SUP-019,BUY-001,2,846162.04,2025-02-07,2025-03-30,PO-6221,3175,266.5077,0,
INV-00314,SUP-036,BUY-003,3,87963.37,2025-09-05,2025-11-19,PO-6536,775,113.5011,0,
INV-00315,SUP-011,BUY-002,1,6411226.9,2025-04-08,2025-06-03,PO-2659,47419,135.2038,1,LND-06
INV-00316,SUP-017,BUY-010,2,934349.44,2025-07-21,2025-09-25,PO-5872,8143,114.7427,1,LND-04
INV-00317,SUP-001,BUY-014,1,8897300.72,2025-11-17,2026-01-24,PO-2435,894,9952.2379,0,
INV-00318,SUP-041,BUY-010,3,258516.86,2025-06-07,2025-08-26,PO-2342,1101,234.8019,0,
INV-00319,SUP-006,BUY-018,1,1912772.2,2025-07-15,2025-09-06,PO-7349,1562,1224.5661,1,LND-03
INV-00320,SUP-017,BUY-008,2,531150.43,2025-12-23,2026-03-05,PO-5400,11046,48.0853,1,LND-10
INV-00321,SUP-027,BUY-019,2,565962.24,2025-07-18,2025-10-08,PO-4727,3989,141.8807,1,LND-09
INV-00322,SUP-031,BUY-010,2,8510374.1,2025-01-18,2025-03-21,PO-2293,107688,79.0281,0,
INV-00323,SUP-049,BUY-015,3,196298.48,2025-04-09,2025-05-17,PO-3832,420,467.3773,0,
INV-00324,SUP-013,BUY-005,1,7792595.26,2025-02-04,2025-03-11,PO-5225,259609,30.0167,0,
INV-00325,SUP-045,BUY-020,3,201281.84,2025-03-18,2025-04-26,PO-9561,510,394.6703,1,LND-07
INV-00326,SUP-050,BUY-004,3,147877.24,2025-07-30,2025-09-14,PO-5687,348,424.9346,0,
INV-00327,SUP-003,BUY-006,1,2306629.23,2025-11-08,2026-01-20,PO-5512,2641,873.3924,1,LND-07
INV-00328,SUP-045,BUY-008,3,158117.55,2025-07-10,2025-08-10,PO-1807,1341,117.9102,0,
INV-00329,SUP-045,BUY-004,3,250202.21,2025-08-15,2025-11-02,PO-4734,1203,207.9819,1,LND-03
INV-00330,SUP-042,BUY-003,3,191148.61,2025-07-28,2025-10-13,PO-4079,364,525.1335,1,LND-08
INV-00331,SUP-033,BUY-006,2,1600958.78,2025-07-26,2025-09-02,PO-2075,4394,364.3511,0,
INV-00332,SUP-012,BUY-007,1,7701666.17,2025-08-22,2025-09-24,PO-4288,13148,585.7671,1,LND-01
INV-00333,SUP-033,BUY-013,2,1182860.73,2025-09-08,2025-11-15,PO-3029,3987,296.6794,1,LND-01
INV-00334,SUP-023,BUY-006,2,80191.96,2025-07-17,2025-08-19,PO-5237,9475,8.4635,1,LND-02
INV-00335,SUP-015,BUY-008,1,15731802.37,2025-09-20,2025-10-21,PO-4387,683,23033.3856,1,LND-05
INV-00336,SUP-042,BUY-006,3,284846.09,2025-06-06,2025-08-20,PO-1138,429,663.9769,1,LND-04
INV-00337,SUP-023,BUY-015,2,160201.99,2025-12-13,2026-02-14,PO-5128,6606,24.251,1,LND-04
INV-00338,SUP-033,BUY-012,2,1045559.14,2025-09-04,2025-10-08,PO-5631,2364,442.2839,1,LND-05
INV-00339,SUP-017,BUY-010,2,495608.86,2025-05-04,2025-07-30,PO-4086,9930,49.9103,1,LND-03
INV-00340,SUP-044,BUY-005,3,175362.23,2025-05-13,2025-08-09,PO-1417,895,195.9355,0,
INV-00341,SUP-046,BUY-019,3,555495.49,2025-04-24,2025-07-06,PO-4111,501,1108.7734,0,
INV-00342,SUP-023,BUY-017,2,96024.12,2025-10-13,2025-11-23,PO-5918,7813,12.2903,0,
INV-00343,SUP-047,BUY-018,3,232698.04,2025-04-24,2025-06-15,PO-3999,992,234.5746,1,LND-06
INV-00344,SUP-022,BUY-012,2,645324.82,2025-03-02,2025-05-01,PO-5269,9661,66.7969,1,LND-10
INV-00345,SUP-005,BUY-016,1,11647793.02,2025-12-15,2026-02-07,PO-4187,3484,3343.2242,1,LND-09
INV-00346,SUP-009,BUY-007,1,3381485.09,2025-08-23,2025-10-01,PO-6614,47002,71.9434,0,
INV-00347,SUP-032,BUY-011,2,417091.26,2025-01-03,2025-03-02,PO-3897,2862,145.7342,1,LND-06
INV-00348,SUP-032,BUY-003,2,500936.57,2025-08-08,2025-10-02,PO-3120,7921,63.2416,1,LND-10
INV-00349,SUP-035,BUY-007,2,300602.72,2025-09-29,2025-11-10,PO-7112,133,2260.1708,0,
INV-00350,SUP-015,BUY-012,1,9293100.67,2025-09-15,2025-11-21,PO-6113,4378,2122.6817,1,LND-03
INV-00351,SUP-019,BUY-015,2,1498583.07,2025-08-11,2025-11-05,PO-9524,1196,1252.9959,1,LND-10
INV-00352,SUP-023,BUY-007,2,179625.99,2025-04-25,2025-07-10,PO-3701,3560,50.4567,1,LND-07
INV-00353,SUP-033,BUY-006,2,1721016.9,2025-01-20,2025-03-15,PO-3017,2195,784.0624,0,
INV-00354,SUP-004,BUY-020,1,8334749.88,2025-01-11,2025-02-13,PO-1785,54727,152.2969,1,LND-02
INV-00355,SUP-036,BUY-009,3,84370.46,2025-12-18,2026-02-26,PO-8772,1823,46.2811,1,LND-03
INV-00356,SUP-034,BUY-009,2,1136276.41,2025-02-23,2025-04-26,PO-3247,2028,560.2941,0,
INV-00357,SUP-007,BUY-016,1,6674091.82,2025-05-15,2025-08-06,PO-4254,13316,501.2085,1,LND-10
INV-00358,SUP-019,BUY-006,2,1809649.3,2025-04-17,2025-06-30,PO-1645,2808,644.462,1,LND-09
INV-00359,SUP-043,BUY-003,3,135593.1,2025-03-18,2025-06-16,PO-2809,1147,118.2154,1,LND-10
INV-00360,SUP-007,BUY-009,1,6290084.65,2025-06-01,2025-07-17,PO-4787,6641,947.1593,0,
INV-00361,SUP-019,BUY-012,2,1588772.12,2025-02-18,2025-05-13,PO-6123,475,3344.7834,0,
INV-00362,SUP-043,BUY-006,3,316755.22,2025-11-15,2026-01-01,PO-6384,290,1092.2594,0,
INV-00363,SUP-012,BUY-004,1,4810532.84,2025-05-20,2025-08-11,PO-7566,31442,152.997,0,
INV-00364,SUP-011,BUY-004,1,4905510.95,2025-03-23,2025-04-28,PO-3171,38815,126.3818,0,
INV-00365,SUP-044,BUY-015,3,100955.65,2025-07-03,2025-09-10,PO-3969,367,275.0835,1,LND-10
INV-00366,SUP-008,BUY-014,1,2220544.46,2025-12-02,2026-01-21,PO-8220,68888,32.2341,1,LND-01
INV-00367,SUP-047,BUY-019,3,359742.81,2025-12-19,2026-03-03,PO-4669,543,662.5098,1,LND-06
INV-00368,SUP-031,BUY-012,2,2162132.48,2025-10-13,2026-01-08,PO-7305,994,2175.1836,0,
INV-00369,SUP-033,BUY-016,2,926296.01,2025-09-09,2025-10-29,PO-9123,2378,389.5273,1,LND-03
INV-00370,SUP-036,BUY-013,3,177757.01,2025-08-16,2025-11-05,PO-7607,460,386.4283,1,LND-04
INV-00371,SUP-021,BUY-004,2,1608094.63,2025-07-31,2025-09-01,PO-9148,101,15921.729,1,LND-01
INV-00372,SUP-039,BUY-020,3,409619.18,2025-12-02,2026-02-12,PO-5990,1496,273.8096,1,LND-09
INV-00373,SUP-015,BUY-015,1,14025944.96,2025-11-04,2026-01-03,PO-6439,23908,586.6632,0,
INV-00374,SUP-007,BUY-008,1,5166193.75,2025-11-21,2026-02-10,PO-1035,34308,150.5828,1,LND-06
INV-00375,SUP-003,BUY-006,1,1457587.54,2025-07-29,2025-09-03,PO-9067,12939,112.6507,0,
INV-00376,SUP-014,BUY-015,1,9198516.15,2025-08-01,2025-09-02,PO-4122,77276,119.0346,1,LND-06
INV-00377,SUP-030,BUY-019,2,1062825.36,2025-01-03,2025-03-07,PO-9260,9164,115.9783,0,
INV-00378,SUP-031,BUY-017,2,1289621.74,2025-03-07,2025-04-12,PO-3903,9939,129.7537,1,LND-10
INV-00379,SUP-033,BUY-013,2,1122557.13,2025-05-08,2025-06-24,PO-7859,2908,386.0238,0,
INV-00380,SUP-009,BUY-005,1,5563055.11,2025-09-20,2025-11-08,PO-7762,36001,154.525,0,
INV-00381,SUP-048,BUY-018,3,25787.67,2025-05-29,2025-08-10,PO-4560,1477,17.4595,1,LND-04
INV-00382,SUP-042,BUY-006,3,119490.7,2025-06-15,2025-08-29,PO-9255,280,426.7525,1,LND-09
INV-00383,SUP-037,BUY-014,3,48588.19,2025-08-05,2025-10-25,PO-9747,154,315.5077,0,
INV-00384,SUP-004,BUY-002,1,8290199.19,2025-03-24,2025-05-11,PO-4275,19292,429.7221,0,
INV-00385,SUP-019,BUY-007,2,1409344.26,2025-08-20,2025-09-25,PO-9866,1937,727.5913,1,LND-01
INV-00386,SUP-025,BUY-008,2,272553.52,2025-01-25,2025-04-24,PO-9370,6925,39.3579,1,LND-05
INV-00387,SUP-021,BUY-018,2,2082277.64,2025-04-14,2025-06-22,PO-1881,7148,291.3091,0,
INV-00388,SUP-041,BUY-012,3,273307.61,2025-04-10,2025-05-28,PO-9955,1498,182.4483,1,LND-10
INV-00389,SUP-048,BUY-017,3,23314.92,2025-05-23,2025-07-27,PO-2955,429,54.3471,1,LND-07
INV-00390,SUP-001,BUY-011,1,4999474.18,2025-06-15,2025-08-22,PO-8640,7738,646.0938,1,LND-03
INV-00391,SUP-020,BUY-016,2,351797.69,2025-06-12,2025-08-14,PO-6866,476,739.0708,0,
INV-00392,SUP-033,BUY-006,2,901674.02,2025-02-17,2025-04-10,PO-7814,1847,488.183,1,LND-09
INV-00393,SUP-024,BUY-010,2,888531.19,2025-10-15,2026-01-05,PO-4579,5419,163.9659,1,LND-10
INV-00394,SUP-023,BUY-015,2,143053.33,2025-05-05,2025-06-06,PO-4937,5358,26.699,0,
INV-00395,SUP-008,BUY-013,1,4407056.11,2025-01-13,2025-04-11,PO-5203,49246,89.4906,0,
INV-00396,SUP-029,BUY-016,2,547803.31,2025-04-09,2025-05-29,PO-1718,886,618.2882,0,
INV-00397,SUP-035,BUY-018,2,413932.64,2025-11-19,2026-02-06,PO-1120,3575,115.7854,1,LND-02
INV-00398,SUP-035,BUY-014,2,341001.9,2025-06-19,2025-07-21,PO-2181,544,626.8417,1,LND-03
INV-00399,SUP-036,BUY-003,3,149829.21,2025-08-19,2025-10-28,PO-4729,1395,107.4045,1,LND-05
INV-00400,SUP-008,BUY-018,1,5204564.82,2025-10-27,2025-11-28,PO-1096,9614,541.3527,1,LND-10
INV-00401,SUP-007,BUY-010,1,5838919.81,2025-08-13,2025-10-06,PO-5937,43401,134.5342,1,LND-10
INV-00402,SUP-035,BUY-008,2,847473.78,2025-10-07,2025-11-24,PO-3234,1280,662.0889,0,
INV-00403,SUP-047,BUY-012,3,174291.0,2025-03-14,2025-04-20,PO-1182,686,254.0685,0,
INV-00404,SUP-036,BUY-003,3,151188.68,2025-06-26,2025-08-08,PO-5992,2199,68.7534,0,
INV-00405,SUP-015,BUY-020,1,12304022.2,2025-12-10,2026-03-01,PO-5140,3664,3358.0847,1,LND-04
INV-00406,SUP-030,BUY-018,2,3427868.02,2025-05-09,2025-06-14,PO-1234,82360,41.6205,1,LND-05
INV-00407,SUP-016,BUY-004,2,436287.93,2025-04-10,2025-05-30,PO-5671,5479,79.6291,1,LND-10
INV-00408,SUP-045,BUY-019,3,126182.03,2025-06-11,2025-08-07,PO-3496,1382,91.3039,1,LND-10
INV-00409,SUP-046,BUY-014,3,526137.2,2025-06-19,2025-09-13,PO-5533,328,1604.0768,1,LND-06
INV-00410,SUP-032,BUY-018,2,420913.2,2025-02-11,2025-05-05,PO-2783,2393,175.8935,1,LND-03
INV-00411,SUP-017,BUY-003,2,1168438.93,2025-11-20,2025-12-21,PO-2235,9584,121.9156,0,
INV-00412,SUP-014,BUY-002,1,7440099.02,2025-10-04,2025-12-03,PO-5269,19581,379.9652,0,
INV-00413,SUP-050,BUY-019,3,150178.47,2025-09-19,2025-10-24,PO-5767,357,420.668,1,LND-03
INV-00414,SUP-040,BUY-006,3,1368929.77,2025-04-02,2025-06-07,PO-9423,8811,155.366,1,LND-03
INV-00415,SUP-003,BUY-008,1,1048922.22,2025-07-09,2025-08-22,PO-8989,13651,76.8385,1,LND-04
INV-00416,SUP-024,BUY-013,2,584772.1,2025-01-21,2025-04-02,PO-8695,5865,99.7054,0,
INV-00417,SUP-018,BUY-009,2,801385.91,2025-12-01,2026-01-24,PO-9918,1375,582.8261,1,LND-10
INV-00418,SUP-015,BUY-017,1,14902085.28,2025-06-26,2025-08-26,PO-7649,532,28011.4385,0,
INV-00419,SUP-029,BUY-006,2,351322.33,2025-05-24,2025-07-06,PO-4768,1389,252.9318,1,LND-02
INV-00420,SUP-008,BUY-008,1,4242135.46,2025-09-04,2025-11-16,PO-7793,27717,153.0518,0,
INV-00421,SUP-027,BUY-001,2,351296.76,2025-10-31,2025-12-10,PO-4992,421,834.4341,1,LND-01
INV-00422,SUP-004,BUY-006,1,10292734.8,2025-07-27,2025-10-03,PO-5231,2540,4052.2578,1,LND-03
INV-00423,SUP-043,BUY-010,3,225574.25,2025-08-30,2025-11-23,PO-2404,549,410.8821,1,LND-04
INV-00424,SUP-010,BUY-019,1,6156163.42,2025-05-16,2025-06-25,PO-3979,22557,272.9159,1,LND-10
INV-00425,SUP-038,BUY-003,3,90340.98,2025-02-25,2025-03-28,PO-4765,2165,41.7279,1,LND-07
INV-00426,SUP-039,BUY-004,3,590199.99,2025-11-04,2025-12-06,PO-3906,2276,259.3146,0,
INV-00427,SUP-006,BUY-016,1,4005429.01,2025-01-01,2025-03-29,PO-3135,22335,179.3342,1,LND-10
INV-00428,SUP-027,BUY-012,2,702163.81,2025-09-04,2025-11-23,PO-1711,2971,236.3392,1,LND-09
INV-00429,SUP-049,BUY-019,3,264966.93,2025-09-02,2025-11-20,PO-2600,443,598.1195,1,LND-07
INV-00430,SUP-027,BUY-009,2,3106427.84,2025-01-04,2025-03-11,PO-1234,34064,91.1939,0,
INV-00431,SUP-027,BUY-012,2,421353.57,2025-10-27,2025-12-12,PO-2746,3569,118.0593,1,LND-03
INV-00432,SUP-018,BUY-013,2,628589.33,2025-10-13,2025-12-12,PO-4337,9260,67.8822,1,LND-07
INV-00433,SUP-020,BUY-019,2,609724.04,2025-12-04,2026-01-10,PO-6641,1014,601.3058,0,
INV-00434,SUP-007,BUY-007,1,7808533.9,2025-10-09,2025-12-17,PO-9328,46420,168.2149,0,
INV-00435,SUP-041,BUY-001,3,169414.84,2025-11-04,2025-12-31,PO-2492,638,265.5405,1,LND-03
INV-00436,SUP-039,BUY-002,3,519026.23,2025-09-24,2025-11-11,PO-7296,335,1549.332,1,LND-07
INV-00437,SUP-041,BUY-016,3,375593.27,2025-12-03,2026-03-02,PO-8192,685,548.3113,1,LND-01
INV-00438,SUP-039,BUY-017,3,368294.37,2025-12-12,2026-01-13,PO-9451,101,3646.4789,1,LND-04
INV-00439,SUP-018,BUY-013,2,477301.53,2025-04-13,2025-06-15,PO-6785,1224,389.9522,1,LND-07
INV-00440,SUP-019,BUY-018,2,1397038.42,2025-05-22,2025-07-05,PO-6703,1693,825.1851,0,
INV-00441,SUP-037,BUY-001,3,54237.12,2025-02-24,2025-04-30,PO-5277,250,216.9485,1,LND-03
INV-00442,SUP-033,BUY-009,2,1329220.83,2025-08-15,2025-10-08,PO-9813,2092,635.3828,1,LND-10
INV-00443,SUP-030,BUY-015,2,974656.96,2025-02-04,2025-03-30,PO-1448,3710,262.7108,1,LND-08
INV-00444,SUP-021,BUY-014,2,1161198.12,2025-12-25,2026-03-18,PO-6785,2453,473.3788,1,LND-09
INV-00445,SUP-048,BUY-011,3,26039.18,2025-09-01,2025-10-21,PO-2245,1274,20.4389,0,
INV-00446,SUP-044,BUY-007,3,146122.58,2025-05-04,2025-07-28,PO-9175,569,256.8059,1,LND-04
INV-00447,SUP-040,BUY-012,3,257357.13,2025-02-10,2025-04-24,PO-3555,604,426.088,1,LND-02
INV-00448,SUP-035,BUY-002,2,862115.78,2025-09-10,2025-12-06,PO-8901,4806,179.3832,1,LND-06
INV-00449,SUP-012,BUY-017,1,3009711.36,2025-10-23,2025-11-30,PO-5591,27833,108.1346,1,LND-07
INV-00450,SUP-003,BUY-017,1,2853200.3,2025-03-31,2025-05-29,PO-6689,34061,83.7674,0,
INV-00451,SUP-001,BUY-001,1,10099392.6,2025-06-16,2025-08-08,PO-4452,2227,4534.9765,1,LND-07
INV-00452,SUP-016,BUY-009,2,408886.27,2025-04-05,2025-06-05,PO-8722,6966,58.6974,1,LND-10
INV-00453,SUP-024,BUY-013,2,841610.23,2025-03-09,2025-05-14,PO-5581,918,916.7867,1,LND-08
INV-00454,SUP-016,BUY-018,2,577816.97,2025-03-18,2025-05-17,PO-8081,2993,193.0561,1,LND-07
INV-00455,SUP-041,BUY-017,3,305950.63,2025-06-03,2025-07-19,PO-9748,1262,242.4331,0,
INV-00456,SUP-045,BUY-006,3,213221.48,2025-09-01,2025-11-23,PO-1983,1942,109.7948,0,
INV-00457,SUP-024,BUY-012,2,970303.4,2025-03-04,2025-04-25,PO-5222,5060,191.7596,1,LND-06
INV-00458,SUP-042,BUY-018,3,191737.59,2025-12-11,2026-02-11,PO-3859,477,401.9656,1,LND-05
INV-00459,SUP-025,BUY-020,2,206390.26,2025-03-16,2025-06-09,PO-5694,5627,36.6786,1,LND-08
INV-00460,SUP-037,BUY-013,3,77404.28,2025-04-27,2025-06-16,PO-2168,249,310.8606,1,LND-02
INV-00461,SUP-042,BUY-013,3,211042.73,2025-07-05,2025-09-20,PO-5444,594,355.2908,0,
INV-00462,SUP-012,BUY-001,1,3150470.44,2025-12-25,2026-03-12,PO-3048,11038,285.4204,1,LND-04
INV-00463,SUP-005,BUY-016,1,14307501.46,2025-07-23,2025-09-24,PO-9985,781,18319.4641,1,LND-01
INV-00464,SUP-010,BUY-003,1,5664821.08,2025-05-26,2025-07-23,PO-7387,8703,650.9044,1,LND-05
INV-00465,SUP-002,BUY-002,1,4170059.52,2025-08-28,2025-11-21,PO-6846,35805,116.4658,0,
INV-00466,SUP-045,BUY-018,3,214351.68,2025-11-20,2026-02-05,PO-3900,2410,88.9426,1,LND-10
INV-00467,SUP-041,BUY-018,3,169821.95,2025-04-27,2025-07-17,PO-6073,730,232.6328,1,LND-06
INV-00468,SUP-010,BUY-010,1,3956452.54,2025-03-11,2025-05-02,PO-1172,35168,112.5015,1,LND-01
INV-00469,SUP-049,BUY-016,3,264497.59,2025-05-30,2025-08-06,PO-5908,129,2050.3689,0,
INV-00470,SUP-027,BUY-018,2,735236.14,2025-11-27,2026-01-20,PO-8161,1907,385.546,1,LND-07
INV-00471,SUP-041,BUY-008,3,226027.38,2025-12-17,2026-02-02,PO-9464,1621,139.437,0,
INV-00472,SUP-027,BUY-007,2,528747.75,2025-02-26,2025-05-07,PO-2121,3809,138.8154,1,LND-03
INV-00473,SUP-032,BUY-007,2,369862.02,2025-10-01,2025-11-01,PO-6253,1775,208.373,1,LND-01
INV-00474,SUP-046,BUY-015,3,385058.22,2025-01-08,2025-03-10,PO-1134,315,1222.407,1,LND-04
INV-00475,SUP-032,BUY-012,2,413303.72,2025-03-16,2025-04-18,PO-8597,6529,63.3028,1,LND-01
INV-00476,SUP-012,BUY-007,1,6597231.53,2025-03-04,2025-05-22,PO-5097,25318,260.5748,0,
INV-00477,SUP-016,BUY-002,2,516010.92,2025-02-18,2025-04-22,PO-4263,3515,146.8025,0,
INV-00478,SUP-020,BUY-011,2,303999.3,2025-10-09,2025-12-11,PO-3598,1085,280.1837,0,
INV-00479,SUP-024,BUY-002,2,365499.07,2025-08-11,2025-09-30,PO-4568,2361,154.8069,1,LND-02
INV-00480,SUP-016,BUY-001,2,485123.23,2025-09-01,2025-11-14,PO-1688,6184,78.4481,0,
INV-00481,SUP-011,BUY-016,1,2997707.37,2025-11-17,2025-12-20,PO-2497,42342,70.7975,1,LND-10
INV-00482,SUP-007,BUY-005,1,7466648.52,2025-10-13,2026-01-01,PO-8992,22861,326.6108,1,LND-04
INV-00483,SUP-047,BUY-007,3,449956.56,2025-03-10,2025-04-25,PO-1349,596,754.9607,1,LND-07
INV-00484,SUP-019,BUY-018,2,1040086.67,2025-10-06,2025-11-27,PO-9029,3937,264.1825,1,LND-04
INV-00485,SUP-036,BUY-006,3,126455.05,2025-06-01,2025-08-22,PO-2128,1603,78.8865,1,LND-09
INV-00486,SUP-041,BUY-017,3,248898.2,2025-11-14,2026-02-06,PO-7210,1370,181.6775,0,
INV-00487,SUP-005,BUY-018,1,11892427.14,2025-09-12,2025-11-30,PO-7348,5122,2321.8327,1,LND-04
INV-00488,SUP-042,BUY-011,3,259248.99,2025-02-04,2025-03-08,PO-2809,166,1561.7409,1,LND-02
INV-00489,SUP-013,BUY-004,1,11327305.41,2025-10-20,2025-12-30,PO-1234,333783,33.9361,1,LND-04
INV-00490,SUP-024,BUY-008,2,703514.87,2025-04-17,2025-06-27,PO-2161,755,931.8078,0,
INV-00491,SUP-004,BUY-012,1,7824636.99,2025-01-30,2025-04-22,PO-7814,69439,112.6836,0,
INV-00492,SUP-020,BUY-003,2,432602.59,2025-04-29,2025-07-02,PO-4537,495,873.9446,1,LND-09
INV-00493,SUP-037,BUY-006,3,111290.45,2025-10-23,2025-12-14,PO-7802,459,242.4629,0,
INV-00494,SUP-011,BUY-006,1,8024410.36,2025-03-22,2025-05-25,PO-7579,29133,275.4406,1,LND-09
INV-00495,SUP-036,BUY-011,3,203075.01,2025-08-09,2025-10-30,PO-7090,2592,78.3468,0,
INV-00496,SUP-014,BUY-013,1,3225131.08,2025-08-18,2025-10-12,PO-5162,4643,694.6222,0,
INV-00497,SUP-002,BUY-017,1,5432943.41,2025-04-24,2025-06-06,PO-3213,2944,1845.4291,1,LND-05
INV-00498,SUP-018,BUY-018,2,550393.05,2025-10-20,2025-11-28,PO-9376,7642,72.0221,1,LND-09
INV-00499,SUP-017,BUY-012,2,952886.23,2025-06-03,2025-07-08,PO-5093,9423,101.1234,1,LND-04
INV-00500,SUP-005,BUY-011,1,12172523.07,2025-12-20,2026-03-04,PO-8905,881,13816.7118,1,LND-03
INV-00501,SUP-003,BUY-019,1,2666308.98,2025-06-21,2025-08-12,PO-7251,28562,93.3516,0,
INV-00502,SUP-050,BUY-008,3,137205.33,2025-09-26,2025-10-28,PO-1187,389,352.7129,1,LND-07
INV-00503,SUP-045,BUY-008,3,236429.23,2025-07-21,2025-09-17,PO-3509,2167,109.1044,1,LND-01
INV-00504,SUP-019,BUY-013,2,1572496.83,2025-09-01,2025-11-06,PO-3425,4590,342.5919,1,LND-03
INV-00505,SUP-026,BUY-017,2,1377296.28,2025-09-04,2025-11-08,PO-8118,6576,209.4429,0,
INV-00506,SUP-036,BUY-020,3,154073.0,2025-05-17,2025-08-04,PO-9589,2459,62.6568,1,LND-04
INV-00507,SUP-027,BUY-014,2,639477.5,2025-06-26,2025-09-02,PO-6984,2597,246.237,1,LND-06
INV-00508,SUP-040,BUY-015,3,209551.38,2025-04-30,2025-06-11,PO-3389,259,809.0787,1,LND-08
INV-00509,SUP-008,BUY-002,1,3654697.47,2025-05-28,2025-06-27,PO-4982,14685,248.8728,0,
INV-00510,SUP-002,BUY-011,1,5010700.32,2025-10-07,2025-12-09,PO-4424,72032,69.5621,1,LND-09
INV-00511,SUP-010,BUY-001,1,3799022.11,2025-09-27,2025-10-29,PO-7170,4039,940.5848,0,
INV-00512,SUP-045,BUY-020,3,167700.3,2025-01-05,2025-02-08,PO-5444,1211,138.4808,1,LND-01
INV-00513,SUP-024,BUY-004,2,518847.23,2025-11-29,2026-01-22,PO-1312,3218,161.2328,0,
INV-00514,SUP-007,BUY-011,1,6527352.67,2025-04-06,2025-05-18,PO-8940,30114,216.7548,1,LND-10
INV-00515,SUP-002,BUY-002,1,26937702.52,2025-09-08,2025-11-02,PO-1234,305928,88.0524,1,LND-09
INV-00516,SUP-033,BUY-009,2,1318932.25,2025-01-16,2025-04-16,PO-2015,2395,550.7024,0,
INV-00517,SUP-026,BUY-005,2,2708198.74,2025-12-14,2026-02-21,PO-2438,3826,707.8408,1,LND-07
INV-00518,SUP-010,BUY-014,1,3554125.31,2025-10-05,2025-11-12,PO-6118,9181,387.1175,1,LND-10
INV-00519,SUP-013,BUY-005,1,2327728.37,2025-08-09,2025-11-05,PO-6062,9612,242.169,0,
INV-00520,SUP-011,BUY-011,1,4378398.0,2025-03-02,2025-04-12,PO-2111,57747,75.8204,1,LND-09
INV-00521,SUP-049,BUY-011,3,2420542.64,2025-11-23,2026-02-20,PO-7783,12380,195.5204,1,LND-07
INV-00522,SUP-040,BUY-020,3,129437.44,2025-04-29,2025-07-06,PO-5372,803,161.1923,1,LND-10
INV-00523,SUP-045,BUY-016,3,216940.36,2025-08-29,2025-11-12,PO-3196,853,254.3263,0,
INV-00524,SUP-031,BUY-005,2,2134554.83,2025-07-29,2025-10-15,PO-3683,4521,472.1422,1,LND-04
INV-00525,SUP-048,BUY-007,3,34078.52,2025-08-13,2025-11-06,PO-4351,1508,22.5985,1,LND-02
INV-00526,SUP-016,BUY-014,2,359743.7,2025-07-14,2025-09-28,PO-7633,10118,35.5548,1,LND-01
INV-00527,SUP-039,BUY-018,3,568462.97,2025-08-20,2025-10-18,PO-9605,273,2082.2819,1,LND-01
INV-00528,SUP-034,BUY-018,2,1054122.81,2025-09-22,2025-12-09,PO-7481,907,1162.2082,1,LND-01
INV-00529,SUP-026,BUY-010,2,2799605.72,2025-05-31,2025-08-08,PO-5684,8570,326.6751,1,LND-08
INV-00530,SUP-042,BUY-015,3,270730.93,2025-10-27,2026-01-25,PO-2481,379,714.3296,1,LND-09
INV-00531,SUP-021,BUY-015,2,1067770.29,2025-12-31,2026-03-28,PO-1408,3824,279.2286,1,LND-03
INV-00532,SUP-045,BUY-006,3,162850.01,2025-08-19,2025-10-28,PO-3024,2245,72.539,1,LND-02
INV-00533,SUP-033,BUY-020,2,838770.34,2025-01-23,2025-04-12,PO-3619,2845,294.8226,1,LND-07
INV-00534,SUP-010,BUY-006,1,4063565.3,2025-01-27,2025-03-24,PO-3369,29345,138.4756,0,
INV-00535,SUP-008,BUY-005,1,4154711.05,2025-05-10,2025-06-09,PO-4323,65458,63.4714,1,LND-01
INV-00536,SUP-039,BUY-016,3,2163637.05,2025-09-01,2025-10-30,PO-4897,10152,213.1242,1,LND-04
INV-00537,SUP-040,BUY-018,3,150092.29,2025-01-29,2025-04-10,PO-4401,248,605.2108,1,LND-01
INV-00538,SUP-037,BUY-020,3,86887.35,2025-01-26,2025-03-03,PO-5889,191,454.9076,0,
INV-00539,SUP-040,BUY-020,3,94727.42,2025-07-04,2025-10-01,PO-3906,886,106.9158,0,
INV-00540,SUP-025,BUY-003,2,192307.13,2025-08-30,2025-10-07,PO-8001,4596,41.8423,1,LND-09
INV-00541,SUP-034,BUY-007,2,1379223.03,2025-10-20,2026-01-04,PO-4425,8766,157.3378,1,LND-10
INV-00542,SUP-047,BUY-020,3,329873.24,2025-06-12,2025-07-28,PO-5705,738,446.9827,1,LND-07
INV-00543,SUP-040,BUY-019,3,231228.72,2025-09-12,2025-11-12,PO-9132,724,319.3767,0,
INV-00544,SUP-013,BUY-001,1,11420131.0,2025-03-02,2025-05-18,PO-2936,370870,30.7928,1,LND-01
INV-00545,SUP-036,BUY-007,3,94066.69,2025-05-11,2025-07-30,PO-1185,1329,70.7801,1,LND-04
INV-00546,SUP-050,BUY-001,3,244515.09,2025-10-19,2025-12-27,PO-2865,189,1293.7306,1,LND-06
INV-00547,SUP-044,BUY-016,3,215192.44,2025-09-04,2025-10-13,PO-8774,1199,179.4766,1,LND-01
INV-00548,SUP-027,BUY-002,2,584002.36,2025-12-14,2026-02-02,PO-9537,253,2308.3097,1,LND-05
INV-00549,SUP-022,BUY-012,2,1729196.07,2025-01-16,2025-03-08,PO-2084,8853,195.3232,1,LND-03
INV-00550,SUP-039,BUY-013,3,581661.05,2025-06-07,2025-08-21,PO-4070,229,2540.0046,1,LND-10
INV-00551,SUP-032,BUY-008,2,552740.82,2025-06-04,2025-07-17,PO-7088,2967,186.2962,0,
INV-00552,SUP-003,BUY-007,1,1932503.46,2025-09-05,2025-12-01,PO-2517,12565,153.8005,1,LND-08
INV-00553,SUP-047,BUY-017,3,476854.43,2025-02-20,2025-05-13,PO-6084,628,759.3223,1,LND-06
INV-00554,SUP-014,BUY-002,1,3250369.09,2025-09-25,2025-11-01,PO-8526,5871,553.6313,0,
INV-00555,SUP-006,BUY-011,1,2263514.85,2025-12-04,2026-02-19,PO-8649,19025,118.9758,1,LND-01
INV-00556,SUP-014,BUY-011,1,8206599.57,2025-09-30,2025-11-19,PO-4285,15520,528.7757,1,LND-04
INV-00557,SUP-018,BUY-004,2,965527.49,2025-02-22,2025-04-06,PO-1249,9100,106.1019,1,LND-10
INV-00558,SUP-046,BUY-010,3,450318.84,2025-11-10,2026-02-05,PO-5011,327,1377.1218,1,LND-03
INV-00559,SUP-031,BUY-002,2,986731.72,2025-08-07,2025-10-01,PO-2735,9866,100.0134,1,LND-07
INV-00560,SUP-045,BUY-015,3,237478.92,2025-04-12,2025-06-26,PO-6826,2285,103.9295,1,LND-05
INV-00561,SUP-049,BUY-015,3,216043.9,2025-12-24,2026-02-21,PO-3159,1371,157.5813,0,
INV-00562,SUP-050,BUY-015,3,233728.46,2025-03-15,2025-06-08,PO-8709,232,1007.4503,0,
INV-00563,SUP-012,BUY-011,1,3328736.31,2025-02-03,2025-04-04,PO-6320,31468,105.7816,1,LND-08
INV-00564,SUP-019,BUY-012,2,1333632.26,2025-02-24,2025-04-15,PO-3087,681,1958.344,1,LND-09
INV-00565,SUP-030,BUY-013,2,1267167.01,2025-10-08,2025-11-17,PO-7773,6388,198.3668,1,LND-04
INV-00566,SUP-045,BUY-019,3,225350.35,2025-06-25,2025-08-28,PO-8063,808,278.8989,1,LND-07
INV-00567,SUP-048,BUY-019,3,32187.93,2025-08-26,2025-10-15,PO-8972,1783,18.0527,1,LND-02
INV-00568,SUP-026,BUY-003,2,1961642.0,2025-07-14,2025-09-02,PO-2781,1107,1772.0343,0,
INV-00569,SUP-038,BUY-001,3,143492.69,2025-05-30,2025-07-23,PO-3403,1931,74.31,1,LND-03
INV-00570,SUP-021,BUY-010,2,1647030.9,2025-06-26,2025-07-31,PO-5989,5109,322.3783,0,
INV-00571,SUP-009,BUY-010,1,4984329.35,2025-01-28,2025-02-27,PO-2022,23643,210.8163,0,
INV-00572,SUP-002,BUY-008,1,3537710.23,2025-06-12,2025-08-26,PO-8073,50112,70.5961,1,LND-10
INV-00573,SUP-043,BUY-006,3,327326.9,2025-07-16,2025-10-07,PO-8780,954,343.11,1,LND-03
INV-00574,SUP-009,BUY-005,1,5736251.01,2025-03-15,2025-05-30,PO-1190,43217,132.7314,1,LND-02
INV-00575,SUP-006,BUY-005,1,3984746.75,2025-12-23,2026-03-01,PO-7813,20522,194.1695,0,
INV-00576,SUP-028,BUY-018,2,2229792.49,2025-04-06,2025-06-02,PO-8373,9568,233.0469,1,LND-07
INV-00577,SUP-016,BUY-017,2,236080.87,2025-10-23,2025-12-15,PO-5411,720,327.8901,0,
INV-00578,SUP-024,BUY-004,2,1052831.32,2025-09-27,2025-12-20,PO-8889,6480,162.474,1,LND-02
INV-00579,SUP-006,BUY-017,1,9445444.71,2025-12-06,2026-02-16,PO-2449,228411,41.3528,1,LND-04
INV-00580,SUP-035,BUY-001,2,716115.98,2025-08-29,2025-11-03,PO-8681,3548,201.8365,1,LND-08
INV-00581,SUP-019,BUY-010,2,1015324.49,2025-11-02,2026-01-18,PO-3744,2233,454.6908,1,LND-01
INV-00582,SUP-038,BUY-006,3,101205.73,2025-11-16,2025-12-17,PO-1845,437,231.5921,0,
INV-00583,SUP-018,BUY-009,2,1149737.15,2025-05-12,2025-06-11,PO-3171,2960,388.4247,1,LND-10
INV-00584,SUP-010,BUY-015,1,27279070.79,2025-12-25,2026-02-08,PO-7058,429300,63.5431,1,LND-03
INV-00585,SUP-039,BUY-005,3,402755.31,2025-05-02,2025-07-13,PO-9125,785,513.0641,0,
INV-00586,SUP-023,BUY-002,2,118094.86,2025-08-26,2025-10-20,PO-5331,7903,14.943,1,LND-02
INV-00587,SUP-035,BUY-008,2,795320.32,2025-03-16,2025-05-18,PO-7222,197,4037.159,1,LND-07
INV-00588,SUP-029,BUY-013,2,765984.28,2025-01-22,2025-02-27,PO-6172,5321,143.9549,1,LND-09
INV-00589,SUP-040,BUY-009,3,204068.29,2025-02-20,2025-04-07,PO-6488,500,408.1366,1,LND-05
INV-00590,SUP-048,BUY-008,3,24810.71,2025-12-20,2026-01-30,PO-4193,121,205.0472,1,LND-09
INV-00591,SUP-001,BUY-014,1,6529305.29,2025-08-17,2025-10-08,PO-2600,2420,2698.06,1,LND-09
INV-00592,SUP-002,BUY-020,1,5351747.89,2025-12-03,2026-02-28,PO-2506,16063,333.1724,0,
INV-00593,SUP-006,BUY-020,1,19546087.69,2025-11-28,2026-02-02,PO-3128,126895,154.0336,1,LND-07
INV-00594,SUP-043,BUY-003,3,268294.07,2025-12-21,2026-03-18,PO-8429,762,352.092,0,
INV-00595,SUP-005,BUY-009,1,16463352.09,2025-01-31,2025-03-18,PO-2022,2268,7258.9736,1,LND-07
INV-00596,SUP-032,BUY-007,2,561115.63,2025-02-25,2025-04-05,PO-7432,7165,78.3134,1,LND-03
INV-00597,SUP-007,BUY-015,1,8007408.71,2025-02-06,2025-04-13,PO-5243,51037,156.8942,1,LND-02
INV-00598,SUP-010,BUY-001,1,37831936.65,2025-12-25,2026-02-14,PO-1234,343440,110.1559,1,LND-07
INV-00599,SUP-028,BUY-013,2,14312286.15,2025-07-16,2025-09-28,PO-1234,67823,211.0241,1,LND-09
INV-00600,SUP-044,BUY-010,3,165203.91,2025-11-28,2026-01-02,PO-7563,796,207.5426,1,LND-01
INV-00601,SUP-049,BUY-010,3,249951.9,2025-07-16,2025-09-26,PO-4327,1697,147.2905,1,LND-03
INV-00602,SUP-045,BUY-012,3,130112.01,2025-08-13,2025-10-29,PO-8970,246,528.9106,0,
INV-00603,SUP-038,BUY-008,3,103895.99,2025-10-04,2025-12-14,PO-9015,2287,45.4289,1,LND-07
INV-00604,SUP-029,BUY-001,2,334004.06,2025-01-22,2025-03-18,PO-1606,6711,49.7696,1,LND-06
INV-00605,SUP-030,BUY-018,2,1062176.93,2025-02-06,2025-03-10,PO-3440,8110,130.9713,1,LND-10
INV-00606,SUP-040,BUY-002,3,248320.45,2025-11-20,2025-12-23,PO-4976,940,264.1707,1,LND-03
INV-00607,SUP-040,BUY-006,3,197224.18,2025-11-01,2026-01-21,PO-2047,164,1202.5865,1,LND-02
INV-00608,SUP-022,BUY-013,2,742823.91,2025-10-22,2025-12-25,PO-6312,3593,206.742,0,
INV-00609,SUP-012,BUY-011,1,35202463.53,2025-08-01,2025-09-10,PO-1234,319944,110.027,1,LND-02
INV-00610,SUP-007,BUY-020,1,19776416.75,2025-09-07,2025-10-12,PO-7162,260260,75.9872,1,LND-03
INV-00611,SUP-027,BUY-016,2,526022.56,2025-05-19,2025-07-21,PO-3079,2059,255.4748,1,LND-04
INV-00612,SUP-045,BUY-002,3,250326.81,2025-02-15,2025-04-26,PO-3949,1333,187.7921,1,LND-08
INV-00613,SUP-036,BUY-008,3,142781.0,2025-02-18,2025-04-28,PO-4144,2310,61.81,0,
INV-00614,SUP-050,BUY-007,3,225033.92,2025-03-18,2025-05-30,PO-5528,342,657.9939,1,LND-01
INV-00615,SUP-043,BUY-002,3,191709.73,2025-08-11,2025-09-26,PO-1885,1028,186.4881,1,LND-06
INV-00616,SUP-004,BUY-018,1,4315822.22,2025-09-06,2025-11-07,PO-3881,30941,139.4855,0,
INV-00617,SUP-038,BUY-011,3,164510.74,2025-06-16,2025-07-30,PO-7865,1435,114.6416,0,
INV-00618,SUP-048,BUY-014,3,33103.29,2025-02-07,2025-04-08,PO-4276,211,156.8876,0,
INV-00619,SUP-014,BUY-020,1,7865089.36,2025-03-11,2025-05-09,PO-8454,47101,166.9835,1,LND-03
INV-00620,SUP-022,BUY-005,2,1575384.65,2025-03-11,2025-04-17,PO-1525,7613,206.9335,1,LND-10
INV-00621,SUP-022,BUY-008,2,1295514.76,2025-11-23,2026-02-21,PO-5835,2884,449.2076,1,LND-10
INV-00622,SUP-015,BUY-003,1,11222629.75,2025-04-21,2025-06-27,PO-7745,30427,368.8379,1,LND-09
INV-00623,SUP-028,BUY-008,2,2881640.9,2025-04-24,2025-07-20,PO-5060,2540,1134.5043,1,LND-06
INV-00624,SUP-027,BUY-002,2,512340.11,2025-09-16,2025-10-18,PO-1656,3330,153.8559,0,
INV-00625,SUP-045,BUY-004,3,96701.69,2025-10-13,2025-12-30,PO-8412,1765,54.7885,1,LND-08
INV-00626,SUP-023,BUY-010,2,80058.34,2025-12-09,2026-01-27,PO-4916,7624,10.5008,1,LND-02
INV-00627,SUP-038,BUY-001,3,88102.51,2025-12-27,2026-02-20,PO-8452,1617,54.4852,0,
INV-00628,SUP-041,BUY-001,3,153449.14,2025-06-20,2025-08-22,PO-2158,972,157.8695,0,
INV-00629,SUP-040,BUY-018,3,253196.29,2025-06-21,2025-09-06,PO-4393,627,403.8218,1,LND-02
INV-00630,SUP-024,BUY-002,2,614221.09,2025-11-13,2025-12-15,PO-2818,1535,400.144,1,LND-07
INV-00631,SUP-005,BUY-018,1,6939527.72,2025-05-03,2025-07-06,PO-4354,4019,1726.6802,0,
INV-00632,SUP-038,BUY-007,3,151809.01,2025-05-17,2025-07-18,PO-4693,1235,122.9223,1,LND-06
INV-00633,SUP-023,BUY-015,2,146352.66,2025-03-04,2025-05-03,PO-8966,11213,13.0521,1,LND-09
INV-00634,SUP-029,BUY-020,2,313463.78,2025-08-23,2025-09-27,PO-7031,1564,200.4244,1,LND-02
INV-00635,SUP-007,BUY-006,1,48107692.43,2025-09-12,2025-10-21,PO-5521,416416,115.528,1,LND-02
INV-00636,SUP-035,BUY-005,2,459402.78,2025-11-27,2025-12-28,PO-8764,615,746.9964,1,LND-06
INV-00637,SUP-015,BUY-017,1,14834839.92,2025-12-02,2026-02-11,PO-6503,31960,464.169,1,LND-07
INV-00638,SUP-034,BUY-018,2,1202081.24,2025-03-09,2025-06-04,PO-8295,2913,412.6609,1,LND-08
INV-00639,SUP-031,BUY-012,2,2116242.1,2025-05-26,2025-07-24,PO-5720,10235,206.7652,1,LND-01
INV-00640,SUP-035,BUY-010,2,676962.47,2025-12-21,2026-03-18,PO-3986,1357,498.867,0,
INV-00641,SUP-003,BUY-011,1,2053148.76,2025-04-05,2025-05-18,PO-3072,2373,865.2123,1,LND-08
INV-00642,SUP-010,BUY-012,1,3125335.25,2025-10-01,2025-11-19,PO-8347,1733,1803.4248,0,
INV-00643,SUP-050,BUY-005,3,139208.88,2025-10-07,2025-12-08,PO-8504,251,554.6171,1,LND-06
INV-00644,SUP-049,BUY-019,3,430142.09,2025-08-15,2025-10-05,PO-3409,2061,208.7055,0,
INV-00645,SUP-044,BUY-018,3,137523.94,2025-11-13,2026-02-04,PO-2914,831,165.4921,1,LND-05
INV-00646,SUP-039,BUY-007,3,223848.75,2025-05-23,2025-07-04,PO-9625,2305,97.1144,0,
INV-00647,SUP-043,BUY-003,3,253932.09,2025-06-12,2025-08-19,PO-9385,214,1186.5986,1,LND-07
INV-00648,SUP-026,BUY-005,2,1666940.63,2025-01-07,2025-02-24,PO-8006,5147,323.8665,1,LND-06
INV-00649,SUP-006,BUY-007,1,3637513.33,2025-05-28,2025-07-07,PO-8278,13988,260.0453,0,
INV-00650,SUP-009,BUY-019,1,4246828.09,2025-09-01,2025-11-25,PO-2410,22081,192.3295,1,LND-03
INV-00651,SUP-049,BUY-013,3,244124.48,2025-05-20,2025-07-15,PO-2449,1992,122.5524,1,LND-01
INV-00652,SUP-009,BUY-007,1,5479074.57,2025-09-09,2025-10-11,PO-4047,19891,275.455,1,LND-07
INV-00653,SUP-032,BUY-018,2,411240.42,2025-01-02,2025-02-10,PO-8593,7842,52.4408,1,LND-04
INV-00654,SUP-019,BUY-014,2,667280.38,2025-11-27,2026-01-11,PO-3938,2370,281.5529,0,
INV-00655,SUP-039,BUY-012,3,508019.89,2025-05-13,2025-07-22,PO-8872,589,862.5125,1,LND-10
INV-00656,SUP-037,BUY-001,3,91064.87,2025-03-16,2025-05-05,PO-5252,454,200.5834,1,LND-03
INV-00657,SUP-004,BUY-009,1,5533309.72,2025-07-02,2025-08-04,PO-6917,69517,79.5965,1,LND-07
INV-00658,SUP-033,BUY-007,2,1028459.8,2025-03-27,2025-05-30,PO-4002,2690,382.3271,1,LND-02
INV-00659,SUP-020,BUY-009,2,314542.06,2025-06-30,2025-09-20,PO-6939,380,827.7423,1,LND-02
INV-00660,SUP-050,BUY-016,3,120217.81,2025-03-25,2025-04-30,PO-7750,357,336.7446,0,
INV-00661,SUP-036,BUY-020,3,1161744.48,2025-12-26,2026-03-14,PO-1234,18270,63.5875,0,
INV-00662,SUP-031,BUY-012,2,2161827.46,2025-08-15,2025-11-09,PO-6104,8670,249.3457,1,LND-06
INV-00663,SUP-012,BUY-010,1,6452568.49,2025-12-22,2026-01-30,PO-1471,20247,318.6926,1,LND-02
INV-00664,SUP-006,BUY-014,1,2594390.52,2025-09-05,2025-11-22,PO-2830,6534,397.0601,1,LND-02
INV-00665,SUP-043,BUY-017,3,130116.06,2025-05-10,2025-06-11,PO-1971,121,1075.3393,1,LND-08
INV-00666,SUP-008,BUY-020,1,3690505.85,2025-04-05,2025-06-16,PO-4365,11998,307.5934,0,
INV-00667,SUP-018,BUY-019,2,1137813.02,2025-09-14,2025-12-02,PO-6698,4062,280.1115,1,LND-06
INV-00668,SUP-007,BUY-019,1,4382050.37,2025-04-09,2025-05-27,PO-1229,49515,88.4995,1,LND-09
INV-00669,SUP-007,BUY-007,1,6129541.01,2025-10-29,2025-12-09,PO-9260,7133,859.3216,1,LND-08
INV-00670,SUP-025,BUY-014,2,458988.67,2025-02-27,2025-05-16,PO-4510,2125,215.9947,1,LND-09
INV-00671,SUP-009,BUY-016,1,3430079.18,2025-01-21,2025-02-25,PO-6918,7683,446.4505,1,LND-05
INV-00672,SUP-039,BUY-010,3,397519.09,2025-05-29,2025-08-21,PO-8273,385,1032.5171,1,LND-04
INV-00673,SUP-031,BUY-012,2,879465.76,2025-09-09,2025-11-21,PO-3937,7277,120.8555,0,
INV-00674,SUP-006,BUY-004,1,18685682.29,2025-10-30,2025-12-05,PO-1234,126895,147.2531,1,LND-07
INV-00675,SUP-026,BUY-004,2,2394098.4,2025-05-23,2025-08-09,PO-4815,4572,523.6436,0,
INV-00676,SUP-042,BUY-013,3,196382.19,2025-07-27,2025-09-26,PO-6834,175,1122.1839,1,LND-08
INV-00677,SUP-008,BUY-009,1,2598652.18,2025-03-10,2025-04-10,PO-9017,7027,369.8096,1,LND-08
INV-00678,SUP-044,BUY-001,3,153252.5,2025-06-17,2025-07-26,PO-3934,297,516.0017,1,LND-07
INV-00679,SUP-049,BUY-017,3,358196.56,2025-12-05,2026-02-04,PO-9064,1171,305.8895,1,LND-08
INV-00680,SUP-035,BUY-018,2,551454.76,2025-03-02,2025-04-25,PO-1289,3182,173.3045,0,
INV-00681,SUP-003,BUY-006,1,2349261.68,2025-03-10,2025-04-28,PO-5965,32045,73.3113,1,LND-03
INV-00682,SUP-044,BUY-016,3,125295.5,2025-10-15,2026-01-07,PO-9837,214,585.493,1,LND-10
INV-00683,SUP-038,BUY-013,3,70116.95,2025-01-15,2025-03-23,PO-6779,1600,43.8231,1,LND-05
INV-00684,SUP-038,BUY-001,3,117298.76,2025-06-26,2025-08-17,PO-6591,331,354.3769,1,LND-07
INV-00685,SUP-016,BUY-010,2,296407.43,2025-02-28,2025-04-20,PO-2391,8921,33.2258,0,
INV-00686,SUP-043,BUY-014,3,1364920.09,2025-12-23,2026-02-21,PO-1234,7308,186.7707,1,LND-07
INV-00687,SUP-032,BUY-004,2,359449.74,2025-12-08,2026-01-28,PO-4373,5007,71.7894,1,LND-06
INV-00688,SUP-013,BUY-016,1,7076672.06,2025-05-16,2025-06-18,PO-1234,296696,23.8516,1,LND-09
INV-00689,SUP-046,BUY-019,3,698606.47,2025-02-04,2025-04-11,PO-2552,343,2036.7536,1,LND-10
INV-00690,SUP-005,BUY-010,1,7918087.92,2025-10-04,2025-11-23,PO-9268,3395,2332.2792,1,LND-05
INV-00691,SUP-030,BUY-018,2,590246.54,2025-09-22,2025-12-16,PO-3958,8278,71.303,1,LND-01
INV-00692,SUP-030,BUY-009,2,5012797.93,2025-08-11,2025-11-08,PO-1234,92655,54.1018,0,
INV-00693,SUP-010,BUY-010,1,3538037.07,2025-02-02,2025-04-13,PO-8133,27129,130.4153,1,LND-07
INV-00694,SUP-042,BUY-006,3,126200.49,2025-05-03,2025-06-09,PO-5201,114,1107.0218,1,LND-10
INV-00695,SUP-030,BUY-016,2,566878.36,2025-01-19,2025-03-02,PO-8145,2335,242.7745,1,LND-07
INV-00696,SUP-018,BUY-018,2,481508.26,2025-09-06,2025-11-25,PO-3883,1475,326.4463,0,
INV-00697,SUP-005,BUY-014,1,6921144.9,2025-03-13,2025-04-27,PO-6954,4198,1648.6767,1,LND-02
INV-00698,SUP-043,BUY-019,3,252724.21,2025-02-16,2025-04-02,PO-9605,741,341.0583,1,LND-05
INV-00699,SUP-048,BUY-013,3,21785.56,2025-02-24,2025-04-06,PO-4865,662,32.9087,1,LND-07
INV-00700,SUP-038,BUY-002,3,134511.04,2025-02-27,2025-04-18,PO-9034,2045,65.7756,1,LND-09
INV-00701,SUP-010,BUY-012,1,7376237.25,2025-01-11,2025-03-23,PO-8786,39802,185.3233,0,
INV-00702,SUP-043,BUY-002,3,335140.0,2025-06-08,2025-08-17,PO-4926,843,397.5563,1,LND-05
INV-00703,SUP-008,BUY-018,1,6405549.76,2025-07-21,2025-10-18,PO-4872,33593,190.6811,1,LND-08
INV-00704,SUP-016,BUY-010,2,610476.29,2025-11-20,2026-01-09,PO-4446,6756,90.3606,0,
INV-00705,SUP-006,BUY-016,1,2569647.36,2025-06-20,2025-09-03,PO-8718,3389,758.2317,0,
INV-00706,SUP-017,BUY-017,2,735941.73,2025-10-08,2025-12-24,PO-2087,11490,64.0506,1,LND-06
INV-00707,SUP-042,BUY-006,3,156409.85,2025-04-13,2025-06-22,PO-8264,394,396.9793,1,LND-03
INV-00708,SUP-016,BUY-017,2,432970.72,2025-06-13,2025-08-10,PO-3131,2287,189.3182,1,LND-10
INV-00709,SUP-038,BUY-011,3,114927.47,2025-07-08,2025-08-18,PO-5616,1645,69.8647,1,LND-04
INV-00710,SUP-015,BUY-001,1,16218465.95,2025-11-17,2025-12-31,PO-1376,30405,533.4144,1,LND-09
INV-00711,SUP-011,BUY-002,1,3154540.46,2025-05-14,2025-06-22,PO-7570,24212,130.2883,1,LND-10
INV-00712,SUP-008,BUY-001,1,5086369.33,2025-08-21,2025-11-11,PO-9615,15633,325.3611,0,
INV-00713,SUP-013,BUY-009,1,1114522.6,2025-08-09,2025-11-01,PO-5717,14227,78.3386,1,LND-08
INV-00714,SUP-047,BUY-007,3,254208.84,2025-03-16,2025-04-16,PO-7853,368,690.7849,1,LND-03
INV-00715,SUP-016,BUY-012,2,364323.37,2025-03-10,2025-06-03,PO-8506,6613,55.092,1,LND-02
INV-00716,SUP-025,BUY-014,2,257491.03,2025-01-31,2025-03-05,PO-5198,3947,65.2371,1,LND-02
INV-00717,SUP-039,BUY-020,3,343777.12,2025-11-14,2026-01-07,PO-1745,1716,200.3363,1,LND-01
INV-00718,SUP-036,BUY-002,3,139016.49,2025-09-10,2025-12-08,PO-3938,2017,68.9224,1,LND-05
INV-00719,SUP-046,BUY-017,3,793815.43,2025-06-10,2025-07-12,PO-8093,355,2236.0998,1,LND-03
INV-00720,SUP-048,BUY-012,3,40562.24,2025-05-15,2025-07-23,PO-8046,640,63.3785,0,
INV-00721,SUP-011,BUY-011,1,6952227.76,2025-12-03,2026-02-11,PO-9049,3587,1938.1733,1,LND-03
INV-00722,SUP-015,BUY-006,1,10795402.67,2025-12-28,2026-02-25,PO-1587,32534,331.8191,1,LND-08
INV-00723,SUP-046,BUY-018,3,456152.47,2025-03-17,2025-04-23,PO-8949,204,2236.0415,1,LND-08
INV-00724,SUP-011,BUY-017,1,5802612.19,2025-10-27,2025-12-09,PO-5469,63776,90.9843,0,
INV-00725,SUP-037,BUY-006,3,56314.1,2025-09-13,2025-11-25,PO-7822,268,210.1272,1,LND-02
INV-00726,SUP-044,BUY-004,3,157220.67,2025-02-24,2025-05-18,PO-7458,159,988.8092,1,LND-06
INV-00727,SUP-043,BUY-016,3,337733.58,2025-01-03,2025-02-23,PO-8439,1027,328.8545,1,LND-05
INV-00728,SUP-047,BUY-019,3,264817.98,2025-11-26,2026-01-13,PO-3118,156,1697.5512,0,
INV-00729,SUP-039,BUY-013,3,584957.87,2025-05-03,2025-07-21,PO-2516,465,1257.9739,1,LND-07
INV-00730,SUP-011,BUY-013,1,3323447.29,2025-12-01,2026-01-09,PO-7592,32268,102.9951,1,LND-05
INV-00731,SUP-020,BUY-020,2,341980.67,2025-07-08,2025-09-08,PO-3151,1012,337.9256,1,LND-06
INV-00732,SUP-018,BUY-019,2,635661.56,2025-07-08,2025-09-15,PO-7931,7079,89.7954,0,
INV-00733,SUP-022,BUY-015,2,1337120.88,2025-09-27,2025-12-06,PO-4673,1475,906.5226,0,
INV-00734,SUP-006,BUY-016,1,12542378.61,2025-12-17,2026-03-14,PO-5921,126895,98.8406,0,
INV-00735,SUP-003,BUY-017,1,2243234.96,2025-02-18,2025-04-18,PO-2763,16705,134.2852,1,LND-09
INV-00736,SUP-006,BUY-017,1,3583199.7,2025-08-25,2025-10-05,PO-1266,12976,276.1405,0,
INV-00737,SUP-046,BUY-010,3,603373.7,2025-12-10,2026-02-06,PO-6143,235,2567.5477,0,
INV-00738,SUP-012,BUY-007,1,7449573.71,2025-11-06,2025-12-22,PO-4032,7068,1053.9861,0,
INV-00739,SUP-001,BUY-013,1,10816639.06,2025-09-02,2025-10-31,PO-2911,7217,1498.7722,1,LND-01
INV-00740,SUP-039,BUY-016,3,510054.46,2025-11-12,2026-01-04,PO-5961,1717,297.0614,0,
INV-00741,SUP-009,BUY-005,1,6090940.04,2025-01-09,2025-03-24,PO-1227,1857,3279.9893,1,LND-04
INV-00742,SUP-010,BUY-008,1,4844853.06,2025-06-04,2025-08-22,PO-8139,31163,155.4681,1,LND-09
INV-00743,SUP-011,BUY-005,1,3976929.75,2025-08-19,2025-10-25,PO-8295,19422,204.7642,1,LND-08
INV-00744,SUP-004,BUY-011,1,9447683.62,2025-08-10,2025-10-05,PO-1129,75946,124.4,1,LND-02
INV-00745,SUP-019,BUY-002,2,1403518.61,2025-10-30,2026-01-14,PO-8987,4096,342.6559,1,LND-07
INV-00746,SUP-034,BUY-001,2,1298603.02,2025-02-02,2025-03-21,PO-7914,6934,187.2805,1,LND-10
INV-00747,SUP-032,BUY-020,2,424900.54,2025-01-11,2025-02-20,PO-6681,3249,130.7789,1,LND-08
INV-00748,SUP-015,BUY-017,1,12705291.82,2025-06-23,2025-09-19,PO-4599,30801,412.4961,0,
INV-00749,SUP-047,BUY-013,3,227512.37,2025-03-24,2025-06-01,PO-7829,807,281.9236,0,
INV-00750,SUP-031,BUY-005,2,1879752.77,2025-09-09,2025-10-15,PO-3839,8189,229.5461,1,LND-04
INV-00751,SUP-036,BUY-002,3,109103.38,2025-07-02,2025-09-13,PO-1297,2162,50.4641,0,
INV-00752,SUP-022,BUY-014,2,1149634.28,2025-10-15,2025-11-28,PO-2867,5675,202.5787,1,LND-10
INV-00753,SUP-003,BUY-018,1,2259912.79,2025-09-21,2025-11-28,PO-5382,3404,663.8992,0,
INV-00754,SUP-030,BUY-004,2,913452.82,2025-02-22,2025-05-15,PO-2734,8411,108.6022,1,LND-10
INV-00755,SUP-008,BUY-007,1,5469294.11,2025-12-29,2026-02-25,PO-6925,65425,83.5964,0,
INV-00756,SUP-010,BUY-012,1,7390476.27,2025-04-14,2025-06-11,PO-6482,531,13918.0344,1,LND-03
INV-00757,SUP-031,BUY-011,2,1765988.46,2025-05-17,2025-07-09,PO-5698,6899,255.9775,1,LND-09
INV-00758,SUP-016,BUY-005,2,411045.88,2025-03-12,2025-06-01,PO-9677,6806,60.3946,0,
INV-00759,SUP-044,BUY-012,3,249373.96,2025-01-06,2025-03-22,PO-1487,242,1030.4709,1,LND-08
INV-00760,SUP-026,BUY-006,2,2806483.32,2025-01-19,2025-04-01,PO-8111,2573,1090.7436,1,LND-01
INV-00761,SUP-041,BUY-017,3,303494.12,2025-12-15,2026-02-27,PO-5845,723,419.7706,1,LND-07
INV-00762,SUP-023,BUY-001,2,109349.46,2025-03-17,2025-05-30,PO-5583,10649,10.2685,1,LND-09
INV-00763,SUP-040,BUY-020,3,225469.12,2025-11-29,2026-01-23,PO-8244,408,552.6204,0,
INV-00764,SUP-022,BUY-013,2,690946.55,2025-05-26,2025-07-08,PO-3064,9140,75.5959,0,
INV-00765,SUP-049,BUY-006,3,274435.86,2025-10-04,2025-12-10,PO-1383,1344,204.1933,0,
INV-00766,SUP-008,BUY-002,1,2373847.86,2025-07-01,2025-08-07,PO-7110,16451,144.2981,1,LND-05
INV-00767,SUP-048,BUY-001,3,37055.66,2025-10-25,2025-12-30,PO-8424,1385,26.755,0,
INV-00768,SUP-015,BUY-012,1,7377754.82,2025-10-21,2026-01-02,PO-5902,24850,296.8915,1,LND-05
INV-00769,SUP-007,BUY-011,1,3900738.78,2025-07-04,2025-09-01,PO-9461,46738,83.4597,1,LND-10
INV-00770,SUP-006,BUY-003,1,2635947.17,2025-09-01,2025-10-14,PO-2018,12201,216.0435,0,
INV-00771,SUP-038,BUY-018,3,146179.58,2025-10-27,2025-12-27,PO-9502,1902,76.8557,0,
INV-00772,SUP-047,BUY-014,3,308100.77,2025-09-06,2025-11-20,PO-3668,821,375.275,1,LND-03
INV-00773,SUP-008,BUY-007,1,4589770.61,2025-03-22,2025-06-20,PO-8461,15666,292.9765,1,LND-08
INV-00774,SUP-008,BUY-004,1,2677264.97,2025-09-25,2025-11-03,PO-7055,40067,66.8197,1,LND-10
INV-00775,SUP-019,BUY-016,2,692798.21,2025-10-29,2025-12-24,PO-1458,2599,266.5634,1,LND-03
INV-00776,SUP-012,BUY-016,1,2958300.91,2025-02-04,2025-04-30,PO-1034,31634,93.5165,1,LND-02
INV-00777,SUP-029,BUY-011,2,681827.28,2025-11-07,2025-12-15,PO-7181,4235,160.9982,0,
INV-00778,SUP-029,BUY-015,2,607070.97,2025-11-16,2026-01-27,PO-3440,3272,185.5351,1,LND-06
INV-00779,SUP-022,BUY-018,2,1592054.24,2025-11-27,2026-01-01,PO-1750,506,3146.3523,0,
INV-00780,SUP-050,BUY-010,3,180333.63,2025-11-13,2026-01-16,PO-3028,127,1419.9498,1,LND-09
INV-00781,SUP-013,BUY-016,1,2306592.45,2025-09-30,2025-11-10,PO-9235,18119,127.3024,1,LND-01
INV-00782,SUP-046,BUY-019,3,484175.19,2025-11-07,2025-12-27,PO-8278,123,3936.3837,0,
INV-00783,SUP-022,BUY-014,2,1028006.63,2025-09-28,2025-11-17,PO-3957,1591,646.1387,1,LND-07
INV-00784,SUP-035,BUY-006,2,468269.92,2025-02-15,2025-03-26,PO-5675,3436,136.2834,1,LND-03
INV-00785,SUP-040,BUY-011,3,105847.81,2025-06-02,2025-07-26,PO-3973,245,432.0319,0,
INV-00786,SUP-017,BUY-013,2,655582.13,2025-11-02,2026-01-08,PO-2981,8433,77.7401,1,LND-01
INV-00787,SUP-008,BUY-009,1,4265351.87,2025-07-28,2025-08-31,PO-1993,53511,79.7098,1,LND-06
INV-00788,SUP-018,BUY-018,2,579366.61,2025-11-30,2026-02-18,PO-2663,9410,61.5692,0,
INV-00789,SUP-041,BUY-017,3,214644.92,2025-03-28,2025-06-16,PO-4333,2050,104.7048,1,LND-03
INV-00790,SUP-029,BUY-002,2,622993.15,2025-11-14,2026-01-01,PO-1016,1471,423.5168,0,
INV-00791,SUP-018,BUY-020,2,1005009.26,2025-11-20,2026-01-02,PO-5110,8461,118.7814,0,
INV-00792,SUP-048,BUY-018,3,40589.97,2025-12-24,2026-01-30,PO-2145,1584,25.625,1,LND-05
INV-00793,SUP-028,BUY-007,2,1536951.93,2025-06-25,2025-09-03,PO-9270,7517,204.4635,0,
INV-00794,SUP-021,BUY-011,2,2150987.07,2025-06-18,2025-07-19,PO-4450,1195,1799.9892,0,
INV-00795,SUP-039,BUY-016,3,597703.28,2025-07-31,2025-10-04,PO-1070,2102,284.3498,1,LND-01
INV-00796,SUP-006,BUY-003,1,3265795.37,2025-12-10,2026-02-06,PO-9825,11666,279.9413,0,
INV-00797,SUP-039,BUY-012,3,267635.58,2025-12-23,2026-01-22,PO-7336,1617,165.5137,0,
INV-00798,SUP-001,BUY-008,1,6276047.24,2025-12-30,2026-02-20,PO-1324,6786,924.8522,1,LND-05
INV-00799,SUP-046,BUY-008,3,533054.57,2025-01-19,2025-03-07,PO-4838,460,1158.8143,0,
INV-00800,SUP-001,BUY-007,1,9021484.71,2025-10-19,2025-12-20,PO-7489,4620,1952.7023,0,
INV-00801,SUP-037,BUY-020,3,71979.13,2025-02-03,2025-03-13,PO-3875,391,184.0898,1,LND-02
INV-00802,SUP-047,BUY-009,3,332302.2,2025-12-21,2026-03-04,PO-4143,358,928.2184,0,
INV-00803,SUP-001,BUY-014,1,5642608.46,2025-07-28,2025-09-13,PO-1849,4345,1298.6441,1,LND-06
INV-00804,SUP-034,BUY-002,2,884639.66,2025-08-04,2025-10-07,PO-4678,184,4807.8242,1,LND-01
INV-00805,SUP-006,BUY-019,1,3947649.88,2025-08-05,2025-09-08,PO-1415,6551,602.6026,0,
INV-00806,SUP-005,BUY-004,1,14671970.93,2025-01-13,2025-03-21,PO-1456,2838,5169.8277,1,LND-08
INV-00807,SUP-007,BUY-016,1,8441625.66,2025-06-20,2025-08-22,PO-4905,4878,1730.5506,0,
INV-00808,SUP-029,BUY-004,2,288163.49,2025-02-01,2025-04-30,PO-8314,2666,108.0883,1,LND-10
INV-00809,SUP-005,BUY-005,1,10539388.1,2025-11-09,2026-01-18,PO-2015,934,11284.1414,1,LND-08
INV-00810,SUP-004,BUY-010,1,9559536.26,2025-07-30,2025-09-12,PO-7249,1490,6415.7961,1,LND-07
INV-00811,SUP-028,BUY-020,2,1061775.29,2025-12-12,2026-03-02,PO-2659,8574,123.8366,1,LND-06
INV-00812,SUP-007,BUY-004,1,8746048.27,2025-10-31,2026-01-19,PO-1201,37666,232.2001,0,
INV-00813,SUP-017,BUY-012,2,661511.69,2025-08-16,2025-09-26,PO-7897,822,804.7587,0,
INV-00814,SUP-038,BUY-014,3,83044.76,2025-10-05,2025-12-23,PO-9407,2023,41.0503,1,LND-06
INV-00815,SUP-019,BUY-012,2,703741.79,2025-12-14,2026-01-22,PO-1132,4254,165.4306,1,LND-09
INV-00816,SUP-004,BUY-014,1,4912660.84,2025-11-24,2026-02-20,PO-6633,9065,541.9372,0,
INV-00817,SUP-031,BUY-015,2,1162064.23,2025-06-21,2025-08-29,PO-6425,5484,211.9008,1,LND-10
INV-00818,SUP-003,BUY-016,1,1867734.19,2025-12-21,2026-02-03,PO-4594,14068,132.7647,1,LND-01
INV-00819,SUP-050,BUY-011,3,85388.14,2025-01-04,2025-02-26,PO-7158,283,301.7249,1,LND-04
INV-00820,SUP-010,BUY-010,1,7419002.56,2025-07-04,2025-08-05,PO-8215,13149,564.2256,1,LND-04
INV-00821,SUP-015,BUY-009,1,8023522.35,2025-05-06,2025-06-16,PO-3855,11639,689.3653,0,
INV-00822,SUP-002,BUY-005,1,3831911.34,2025-04-18,2025-06-06,PO-7208,48549,78.9287,1,LND-02
INV-00823,SUP-011,BUY-017,1,3693165.65,2025-03-08,2025-05-27,PO-8106,35001,105.516,1,LND-02
INV-00824,SUP-021,BUY-020,2,1048253.7,2025-11-12,2026-01-18,PO-8037,4486,233.6722,0,
INV-00825,SUP-021,BUY-008,2,2108113.99,2025-09-18,2025-11-24,PO-1872,1814,1162.1356,0,
INV-00826,SUP-031,BUY-020,2,1466559.14,2025-11-27,2026-02-13,PO-2062,8268,177.3777,1,LND-03
INV-00827,SUP-021,BUY-012,2,1168782.4,2025-09-11,2025-11-10,PO-9609,3384,345.3849,0,
INV-00828,SUP-038,BUY-002,3,94461.68,2025-08-20,2025-11-13,PO-4394,995,94.9364,0,
INV-00829,SUP-037,BUY-006,3,55340.29,2025-03-10,2025-05-27,PO-7129,327,169.2364,1,LND-05
INV-00830,SUP-038,BUY-002,3,124453.17,2025-08-07,2025-10-04,PO-8622,1775,70.1145,1,LND-09
INV-00831,SUP-021,BUY-009,2,1742299.65,2025-04-30,2025-06-15,PO-7264,3041,572.9364,1,LND-01
INV-00832,SUP-033,BUY-017,2,773386.17,2025-04-27,2025-06-02,PO-9956,3051,253.4861,0,
INV-00833,SUP-022,BUY-007,2,902658.48,2025-12-16,2026-03-10,PO-6394,2358,382.8068,1,LND-05
INV-00834,SUP-046,BUY-018,3,454556.84,2025-05-25,2025-08-15,PO-5278,306,1485.4799,0,
INV-00835,SUP-049,BUY-001,3,324648.51,2025-03-18,2025-06-11,PO-8733,1029,315.499,0,
INV-00836,SUP-031,BUY-008,2,1910147.86,2025-08-28,2025-11-12,PO-9451,5681,336.2344,0,
INV-00837,SUP-013,BUY-014,1,1379655.95,2025-10-13,2025-11-13,PO-7843,8511,162.1027,1,LND-04
INV-00838,SUP-001,BUY-016,1,11368631.04,2025-08-06,2025-10-18,PO-6810,6349,1790.6176,1,LND-06
INV-00839,SUP-020,BUY-011,2,721830.85,2025-03-13,2025-04-21,PO-1380,776,930.1944,0,
INV-00840,SUP-039,BUY-020,3,443153.81,2025-07-20,2025-08-23,PO-7404,871,508.7874,1,LND-07
INV-00841,SUP-037,BUY-015,3,64210.22,2025-12-12,2026-02-15,PO-5991,452,142.058,1,LND-02
INV-00842,SUP-012,BUY-007,1,6297901.66,2025-04-30,2025-06-17,PO-2138,4686,1343.9824,1,LND-07
INV-00843,SUP-034,BUY-001,2,612565.29,2025-07-30,2025-09-23,PO-3815,1914,320.0446,0,
INV-00844,SUP-031,BUY-003,2,1354720.19,2025-04-16,2025-06-04,PO-7373,11727,115.5215,1,LND-04
INV-00845,SUP-039,BUY-019,3,332182.46,2025-12-17,2026-02-14,PO-6084,130,2555.2497,1,LND-10
INV-00846,SUP-005,BUY-013,1,11208049.54,2025-10-19,2026-01-13,PO-5044,3890,2881.2467,1,LND-09
INV-00847,SUP-006,BUY-010,1,2221636.55,2025-12-31,2026-03-21,PO-8476,20187,110.0528,0,
INV-00848,SUP-027,BUY-008,2,780845.0,2025-08-23,2025-10-16,PO-3942,1602,487.4189,0,
INV-00849,SUP-026,BUY-002,2,1562316.67,2025-11-18,2026-01-21,PO-4927,1193,1309.5697,1,LND-03
INV-00850,SUP-014,BUY-016,1,8094471.89,2025-07-08,2025-08-11,PO-7738,66212,122.2508,1,LND-09
INV-00851,SUP-027,BUY-015,2,291519.26,2025-01-23,2025-03-23,PO-3700,3883,75.0758,1,LND-05
INV-00852,SUP-026,BUY-007,2,2795865.42,2025-02-28,2025-05-14,PO-7499,5459,512.1571,1,LND-01
INV-00853,SUP-032,BUY-015,2,781859.37,2025-05-05,2025-07-19,PO-2117,2397,326.1825,1,LND-02
INV-00854,SUP-011,BUY-006,1,5540777.44,2025-05-31,2025-07-07,PO-1295,25714,215.4771,1,LND-10
INV-00855,SUP-049,BUY-001,3,439281.13,2025-04-02,2025-05-15,PO-5476,2280,192.6672,1,LND-03
INV-00856,SUP-004,BUY-017,1,7693438.83,2025-08-16,2025-09-18,PO-2684,6478,1187.6256,1,LND-07
INV-00857,SUP-013,BUY-008,1,832721.13,2025-01-09,2025-03-06,PO-7138,1054,790.058,1,LND-04
INV-00858,SUP-044,BUY-003,3,233674.5,2025-12-07,2026-01-16,PO-4613,190,1229.8658,0,
INV-00859,SUP-021,BUY-011,2,2188872.23,2025-10-05,2025-11-29,PO-4105,1089,2009.9837,1,LND-10
INV-00860,SUP-023,BUY-011,2,107564.98,2025-06-11,2025-07-11,PO-3844,7616,14.1236,1,LND-01
INV-00861,SUP-018,BUY-020,2,742332.89,2025-04-22,2025-06-17,PO-7045,8285,89.5996,1,LND-01
INV-00862,SUP-046,BUY-018,3,795372.06,2025-11-04,2025-12-24,PO-3809,456,1744.237,0,
INV-00863,SUP-045,BUY-005,3,278924.23,2025-12-19,2026-02-07,PO-6440,2074,134.4861,1,LND-03
INV-00864,SUP-039,BUY-019,3,465848.45,2025-04-30,2025-07-01,PO-8354,154,3024.9899,1,LND-07
INV-00865,SUP-049,BUY-004,3,209578.69,2025-05-05,2025-07-13,PO-6060,663,316.1066,0,
INV-00866,SUP-013,BUY-005,1,1932666.89,2025-05-02,2025-07-30,PO-7156,29180,66.2326,1,LND-04
INV-00867,SUP-009,BUY-009,1,5437286.95,2025-08-01,2025-10-11,PO-6202,49288,110.3166,1,LND-01
INV-00868,SUP-022,BUY-011,2,1516875.76,2025-12-07,2026-01-21,PO-4969,3744,405.1484,1,LND-04
INV-00869,SUP-034,BUY-011,2,924524.91,2025-02-03,2025-04-29,PO-4007,3253,284.2069,1,LND-08
INV-00870,SUP-014,BUY-005,1,6495611.0,2025-04-15,2025-05-30,PO-2503,55968,116.0594,1,LND-03
INV-00871,SUP-011,BUY-007,1,4205721.22,2025-05-08,2025-06-26,PO-5012,29477,142.6781,1,LND-07
INV-00872,SUP-018,BUY-016,2,4822299.91,2025-03-27,2025-05-26,PO-2310,78640,61.3212,1,LND-06
INV-00873,SUP-031,BUY-001,2,1507307.04,2025-06-03,2025-08-10,PO-7249,9157,164.6071,0,
INV-00874,SUP-025,BUY-015,2,1670790.25,2025-10-15,2025-12-22,PO-1234,76980,21.7042,1,LND-08
INV-00875,SUP-001,BUY-001,1,8119694.82,2025-08-01,2025-10-30,PO-9203,6180,1313.8665,1,LND-06
INV-00876,SUP-020,BUY-019,2,699786.74,2025-03-05,2025-04-28,PO-2167,432,1619.8767,0,
INV-00877,SUP-017,BUY-012,2,496436.64,2025-07-08,2025-09-20,PO-9349,6413,77.411,1,LND-08
INV-00878,SUP-016,BUY-008,2,533956.6,2025-07-05,2025-09-13,PO-8827,562,950.1007,0,
INV-00879,SUP-010,BUY-009,1,7300670.24,2025-11-05,2026-01-11,PO-8462,10679,683.6474,1,LND-03
INV-00880,SUP-006,BUY-013,1,3928020.01,2025-02-11,2025-04-15,PO-7515,13959,281.3969,0,
INV-00881,SUP-017,BUY-010,2,719216.42,2025-07-15,2025-09-20,PO-9202,6843,105.1025,1,LND-09
INV-00882,SUP-006,BUY-004,1,3477649.6,2025-04-18,2025-07-16,PO-6642,23005,151.1693,1,LND-03
INV-00883,SUP-032,BUY-001,2,2741440.0,2025-08-02,2025-10-04,PO-2587,60042,45.6587,0,
INV-00884,SUP-009,BUY-007,1,4419928.05,2025-02-26,2025-04-25,PO-8970,14031,315.0116,1,LND-03
INV-00885,SUP-048,BUY-006,3,34376.82,2025-07-29,2025-09-25,PO-4143,1378,24.9469,0,
INV-00886,SUP-011,BUY-003,1,4509891.33,2025-05-22,2025-06-25,PO-5802,38480,117.2009,1,LND-02
INV-00887,SUP-044,BUY-004,3,206648.31,2025-01-04,2025-03-17,PO-1155,185,1117.0179,1,LND-01
INV-00888,SUP-001,BUY-013,1,7596747.54,2025-08-31,2025-11-17,PO-9520,3618,2099.7091,0,
INV-00889,SUP-022,BUY-011,2,649479.44,2025-07-13,2025-09-20,PO-4925,5933,109.469,1,LND-06
INV-00890,SUP-007,BUY-001,1,7187871.77,2025-03-13,2025-04-13,PO-8486,34875,206.1039,0,
INV-00891,SUP-049,BUY-008,3,352752.29,2025-12-04,2026-02-27,PO-7036,1792,196.8484,1,LND-08
INV-00892,SUP-041,BUY-011,3,272008.85,2025-06-16,2025-08-28,PO-1272,1342,202.6892,0,
INV-00893,SUP-040,BUY-003,3,239912.24,2025-09-01,2025-11-12,PO-6707,202,1187.6844,0,
INV-00894,SUP-039,BUY-007,3,268962.48,2025-09-16,2025-10-18,PO-3345,456,589.83,0,
INV-00895,SUP-036,BUY-015,3,172395.15,2025-09-04,2025-11-15,PO-3753,1096,157.2948,0,
INV-00896,SUP-043,BUY-003,3,328365.86,2025-01-15,2025-02-24,PO-2728,768,427.5597,0,
INV-00897,SUP-018,BUY-008,2,1079394.23,2025-12-10,2026-01-16,PO-5220,8857,121.8691,0,
INV-00898,SUP-006,BUY-011,1,3187066.73,2025-11-04,2025-12-08,PO-4666,12453,255.9276,0,
INV-00899,SUP-048,BUY-013,3,17928.57,2025-03-01,2025-04-18,PO-8159,282,63.5765,1,LND-04
INV-00900,SUP-013,BUY-004,1,1950978.39,2025-07-14,2025-09-18,PO-7025,20468,95.3185,0,
INV-00901,SUP-013,BUY-013,1,2045059.67,2025-12-14,2026-03-13,PO-7941,34162,59.8636,0,
INV-00902,SUP-015,BUY-004,1,7432275.33,2025-08-24,2025-10-13,PO-7476,19552,380.1286,1,LND-01
INV-00903,SUP-044,BUY-015,3,248427.98,2025-12-07,2026-03-01,PO-3415,170,1461.3411,1,LND-10
INV-00904,SUP-033,BUY-004,2,989562.5,2025-04-21,2025-06-21,PO-5480,3185,310.6947,1,LND-10
INV-00905,SUP-022,BUY-005,2,1591446.21,2025-01-27,2025-04-26,PO-4450,3033,524.7103,0,
INV-00906,SUP-026,BUY-010,2,2323872.89,2025-06-22,2025-08-18,PO-3608,5806,400.2537,1,LND-01
INV-00907,SUP-005,BUY-017,1,15339633.41,2025-04-10,2025-06-23,PO-5637,3325,4613.4236,1,LND-05
INV-00908,SUP-049,BUY-019,3,230620.61,2025-03-25,2025-05-30,PO-1886,2076,111.0889,1,LND-05
INV-00909,SUP-014,BUY-007,1,7597486.19,2025-10-22,2025-11-27,PO-4205,19446,390.6966,1,LND-01
INV-00910,SUP-044,BUY-006,3,275875.21,2025-08-31,2025-10-11,PO-1922,340,811.3977,1,LND-02
INV-00911,SUP-022,BUY-019,2,622382.46,2025-07-26,2025-09-09,PO-8107,4046,153.8266,1,LND-03
INV-00912,SUP-045,BUY-020,3,650698.43,2025-12-10,2026-02-20,PO-3826,17178,37.8798,0,
INV-00913,SUP-029,BUY-012,2,616698.96,2025-03-04,2025-05-04,PO-1190,4275,144.2571,1,LND-02
INV-00914,SUP-037,BUY-019,3,103557.06,2025-02-18,2025-05-09,PO-8856,296,349.8549,1,LND-05
INV-00915,SUP-045,BUY-014,3,229055.76,2025-06-16,2025-07-20,PO-5888,2301,99.5462,1,LND-10
INV-00916,SUP-002,BUY-013,1,4346936.6,2025-09-23,2025-12-15,PO-9788,16364,265.6402,1,LND-09
INV-00917,SUP-043,BUY-004,3,217661.43,2025-01-03,2025-03-09,PO-3960,743,292.9494,1,LND-10
INV-00918,SUP-037,BUY-007,3,140232.39,2025-01-18,2025-02-22,PO-3641,359,390.6195,1,LND-02
INV-00919,SUP-011,BUY-014,1,6869659.38,2025-09-23,2025-12-19,PO-1001,43298,158.66,1,LND-04
INV-00920,SUP-037,BUY-016,3,98376.79,2025-06-30,2025-09-06,PO-6127,207,475.2502,0,
INV-00921,SUP-003,BUY-008,1,2129782.17,2025-04-21,2025-05-29,PO-1601,14258,149.3745,1,LND-04
INV-00922,SUP-009,BUY-020,1,4762377.89,2025-05-14,2025-07-07,PO-7914,10803,440.8385,1,LND-02
INV-00923,SUP-017,BUY-014,2,684875.45,2025-11-19,2026-02-03,PO-3346,10473,65.3944,1,LND-09
INV-00924,SUP-046,BUY-012,3,801295.73,2025-03-20,2025-05-09,PO-9379,322,2488.4961,1,LND-10
INV-00925,SUP-016,BUY-003,2,401291.49,2025-12-17,2026-02-20,PO-5425,5496,73.0152,1,LND-02
INV-00926,SUP-022,BUY-009,2,1724378.31,2025-02-20,2025-04-15,PO-3397,3740,461.0637,1,LND-04
INV-00927,SUP-008,BUY-006,1,4459463.54,2025-09-08,2025-10-14,PO-9625,75093,59.3859,1,LND-05
INV-00928,SUP-018,BUY-020,2,782748.38,2025-07-19,2025-08-29,PO-2623,8811,88.8376,1,LND-01
INV-00929,SUP-031,BUY-019,2,952592.4,2025-09-20,2025-12-04,PO-3090,2170,438.9827,1,LND-05
INV-00930,SUP-048,BUY-009,3,33823.59,2025-05-08,2025-07-20,PO-1866,1547,21.864,0,
INV-00931,SUP-023,BUY-015,2,174399.78,2025-08-08,2025-10-10,PO-9228,3848,45.3222,1,LND-05
INV-00932,SUP-020,BUY-014,2,361606.88,2025-02-09,2025-04-26,PO-6123,291,1242.6353,1,LND-02
INV-00933,SUP-006,BUY-010,1,2810118.73,2025-08-06,2025-10-18,PO-9074,24046,116.8643,0,
INV-00934,SUP-033,BUY-018,2,1664572.46,2025-04-08,2025-07-05,PO-3042,159,10469.0092,1,LND-07
INV-00935,SUP-035,BUY-012,2,550605.35,2025-01-22,2025-03-31,PO-5001,1480,372.0306,1,LND-09
INV-00936,SUP-034,BUY-008,2,795538.16,2025-03-10,2025-05-11,PO-3864,934,851.7539,1,LND-02
INV-00937,SUP-011,BUY-012,1,5564692.63,2025-05-08,2025-07-30,PO-2855,50327,110.5707,0,
INV-00938,SUP-020,BUY-016,2,436653.55,2025-11-20,2026-01-25,PO-5809,724,603.1126,1,LND-05
INV-00939,SUP-033,BUY-002,2,632487.63,2025-01-30,2025-03-23,PO-8586,3871,163.3913,0,
INV-00940,SUP-007,BUY-001,1,6071733.15,2025-01-05,2025-02-10,PO-6729,13046,465.4096,1,LND-03
INV-00941,SUP-010,BUY-014,1,3651371.6,2025-12-03,2026-01-18,PO-3029,26010,140.3834,1,LND-08
INV-00942,SUP-028,BUY-006,2,14528092.36,2025-08-13,2025-10-24,PO-1234,48445,299.8884,1,LND-05
INV-00943,SUP-013,BUY-004,1,1962029.04,2025-07-22,2025-09-16,PO-4105,2171,903.7444,1,LND-05
INV-00944,SUP-031,BUY-009,2,1717357.99,2025-09-11,2025-12-01,PO-2946,2187,785.2574,1,LND-07
INV-00945,SUP-050,BUY-013,3,87273.79,2025-02-25,2025-05-16,PO-9222,179,487.5631,1,LND-07
INV-00946,SUP-050,BUY-008,3,85076.12,2025-11-02,2026-01-18,PO-1852,345,246.5974,1,LND-06
INV-00947,SUP-006,BUY-014,1,2087962.21,2025-09-19,2025-10-30,PO-5059,25224,82.7768,1,LND-10
INV-00948,SUP-045,BUY-008,3,232205.13,2025-02-22,2025-05-07,PO-8031,842,275.7781,1,LND-04
INV-00949,SUP-041,BUY-005,3,429311.68,2025-01-20,2025-03-08,PO-4758,2002,214.4414,1,LND-02
INV-00950,SUP-040,BUY-007,3,212167.71,2025-09-26,2025-11-14,PO-2489,336,631.4515,1,LND-01
INV-00951,SUP-031,BUY-002,2,1117906.52,2025-06-05,2025-07-12,PO-9353,4696,238.0551,1,LND-07
INV-00952,SUP-027,BUY-008,2,642256.38,2025-01-01,2025-02-03,PO-6240,2734,234.9146,1,LND-01
INV-00953,SUP-018,BUY-020,2,772662.03,2025-09-09,2025-11-01,PO-2650,1927,400.9663,1,LND-07
INV-00954,SUP-044,BUY-018,3,244135.7,2025-07-05,2025-09-20,PO-3134,1183,206.37,1,LND-06
INV-00955,SUP-042,BUY-009,3,219321.75,2025-02-24,2025-04-03,PO-4441,408,537.5533,1,LND-10
INV-00956,SUP-042,BUY-007,3,203209.94,2025-02-08,2025-05-09,PO-4160,275,738.9452,0,
INV-00957,SUP-049,BUY-007,3,379988.69,2025-04-09,2025-06-04,PO-9741,1134,335.087,1,LND-03
INV-00958,SUP-036,BUY-012,3,858213.54,2025-03-02,2025-05-29,PO-1234,18270,46.9739,1,LND-08
INV-00959,SUP-011,BUY-020,1,6931718.41,2025-10-17,2025-11-19,PO-5491,45569,152.1148,1,LND-03
INV-00960,SUP-032,BUY-018,2,572906.16,2025-09-18,2025-11-11,PO-9412,6493,88.2344,1,LND-02
INV-00961,SUP-014,BUY-006,1,3281005.23,2025-10-31,2026-01-13,PO-1058,67313,48.7425,1,LND-03
INV-00962,SUP-047,BUY-017,3,247234.82,2025-06-01,2025-08-15,PO-5240,221,1118.7096,0,
INV-00963,SUP-035,BUY-008,2,367381.74,2025-05-23,2025-08-20,PO-5781,522,703.7964,1,LND-01
INV-00964,SUP-014,BUY-018,1,9492482.11,2025-11-20,2026-01-27,PO-2903,42640,222.6192,1,LND-01
INV-00965,SUP-036,BUY-009,3,1313057.5,2025-05-31,2025-07-20,PO-3189,23490,55.8986,0,
INV-00966,SUP-012,BUY-009,1,6640245.17,2025-10-26,2025-12-01,PO-1256,25133,264.2042,1,LND-09
INV-00967,SUP-041,BUY-020,3,311574.93,2025-05-18,2025-06-30,PO-4377,1754,177.6368,1,LND-08
INV-00968,SUP-010,BUY-015,1,5008467.47,2025-09-03,2025-10-08,PO-4796,30206,165.8104,1,LND-07
INV-00969,SUP-013,BUY-019,1,1045615.05,2025-01-11,2025-03-01,PO-9036,11747,89.0112,1,LND-03
INV-00970,SUP-039,BUY-007,3,603641.84,2025-05-06,2025-07-04,PO-2137,1748,345.3329,1,LND-03
INV-00971,SUP-009,BUY-001,1,2127148.24,2025-02-26,2025-05-19,PO-2633,42336,50.2444,1,LND-07
INV-00972,SUP-016,BUY-003,2,571945.31,2025-11-04,2025-12-04,PO-5385,253,2260.6534,0,
INV-00973,SUP-035,BUY-011,2,548094.59,2025-10-16,2026-01-11,PO-2392,1436,381.6815,1,LND-04
INV-00974,SUP-010,BUY-008,1,3133308.33,2025-11-18,2026-01-21,PO-1915,3018,1038.2069,1,LND-09
INV-00975,SUP-007,BUY-017,1,4740179.9,2025-04-25,2025-05-26,PO-7804,25356,186.9451,1,LND-03
INV-00976,SUP-019,BUY-008,2,759830.51,2025-02-26,2025-04-11,PO-7303,2408,315.5442,1,LND-02
INV-00977,SUP-022,BUY-004,2,790305.54,2025-11-06,2025-12-15,PO-6906,8791,89.8994,0,
INV-00978,SUP-044,BUY-014,3,262576.31,2025-05-27,2025-07-18,PO-3461,655,400.8799,1,LND-05
INV-00979,SUP-024,BUY-009,2,820209.85,2025-03-18,2025-06-05,PO-2251,2723,301.2155,0,
INV-00980,SUP-047,BUY-016,3,189949.62,2025-05-23,2025-07-01,PO-2102,230,825.8679,1,LND-02
INV-00981,SUP-023,BUY-011,2,156474.99,2025-07-31,2025-10-07,PO-9097,5563,28.1278,1,LND-07
INV-00982,SUP-016,BUY-013,2,456916.37,2025-10-01,2025-12-01,PO-7859,3870,118.0662,1,LND-09
INV-00983,SUP-046,BUY-014,3,315294.59,2025-04-23,2025-07-06,PO-9633,285,1106.2968,0,
INV-00984,SUP-024,BUY-018,2,3368349.8,2025-01-31,2025-04-29,PO-8764,65730,51.2452,0,
INV-00985,SUP-010,BUY-018,1,6270862.61,2025-04-25,2025-05-28,PO-7898,7783,805.7128,1,LND-04
INV-00986,SUP-010,BUY-013,1,5847197.94,2025-12-26,2026-01-31,PO-1431,4934,1185.0827,1,LND-07
INV-00987,SUP-011,BUY-001,1,2744420.2,2025-05-06,2025-06-09,PO-3406,54564,50.2973,1,LND-06
INV-00988,SUP-049,BUY-006,3,289200.51,2025-12-24,2026-03-24,PO-8696,1785,162.0171,0,
INV-00989,SUP-042,BUY-001,3,214392.84,2025-11-25,2025-12-27,PO-5698,188,1140.3874,1,LND-02
INV-00990,SUP-026,BUY-014,2,2115074.18,2025-05-13,2025-08-09,PO-8443,5114,413.5851,0,
INV-00991,SUP-011,BUY-009,1,3812174.87,2025-03-06,2025-05-22,PO-2506,40669,93.7366,1,LND-09
INV-00992,SUP-012,BUY-018,1,4915814.07,2025-12-01,2026-02-10,PO-2264,25034,196.3655,1,LND-08
INV-00993,SUP-024,BUY-014,2,782838.79,2025-02-09,2025-04-03,PO-4190,2848,274.8732,1,LND-05
INV-00994,SUP-011,BUY-018,1,7549154.86,2025-01-06,2025-03-25,PO-2744,12403,608.6556,1,LND-02
INV-00995,SUP-003,BUY-008,1,2055568.28,2025-10-17,2025-11-18,PO-5410,31806,64.6283,0,
INV-00996,SUP-006,BUY-010,1,1935897.55,2025-07-23,2025-09-23,PO-1138,24736,78.2624,0,
INV-00997,SUP-009,BUY-004,1,4151048.08,2025-09-15,2025-10-21,PO-6428,50894,81.5626,0,
INV-00998,SUP-025,BUY-016,2,178929.49,2025-12-16,2026-02-13,PO-1612,10355,17.2795,1,LND-05
INV-00999,SUP-015,BUY-007,1,17203371.98,2025-09-14,2025-11-16,PO-3307,34394,500.1853,0,
INV-01000,SUP-029,BUY-005,2,751378.89,2025-08-09,2025-09-10,PO-6554,6442,116.6375,1,LND-05
